P,P,C,1B,2B,3B,SS,OF,OF,OF,,Instructions
,,,,,,,,,,,1. Locate the player you want to select in the list below 
,,,,,,,,,,,2. Copy the ID of your player (you can use the Name + ID column or the ID column) 
,,,,,,,,,,,3. Paste the ID into the roster position desired 
,,,,,,,,,,,4. You must include an ID for each player; you cannot use just the player's name 
,,,,,,,,,,,5. You can create up to 500 lineups per file 
 
,,,,,,,,,,,Position,Name + ID, Name, ID, Salary,GameInfo,TeamAbbrev 
,,,,,,,,,,,SP,Clayton Kershaw (6694453),Clayton Kershaw,6694453,13500,NYM@LAD 10:10PM ET,LAD,
,,,,,,,,,,,SP,Corey Kluber (6694362),Corey Kluber,6694362,13000,Cle@Hou 08:10PM ET,Cle,
,,,,,,,,,,,SP,Jake Arrieta (6694292),Jake Arrieta,6694292,12700,SD@ChC 08:05PM ET,ChC,
,,,,,,,,,,,SP,Carlos Carrasco (6694359),Carlos Carrasco,6694359,12600,Cle@Hou 08:10PM ET,Cle,
,,,,,,,,,,,SP,Madison Bumgarner (6694477),Madison Bumgarner,6694477,12500,Tor@SF 10:15PM ET,SF,
,,,,,,,,,,,SP,Danny Salazar (6694364),Danny Salazar,6694364,12300,Cle@Hou 08:10PM ET,Cle,
,,,,,,,,,,,SP,Jon Lester (6694287),Jon Lester,6694287,12200,SD@ChC 08:05PM ET,ChC,
,,,,,,,,,,,SP,Stephen Strasburg (6694352),Stephen Strasburg,6694352,12100,Det@Was 07:05PM ET,Was,
,,,,,,,,,,,SP,Jose Fernandez (6694280),Jose Fernandez,6694280,11700,Mil@Mia 07:10PM ET,Mia,
,,,,,,,,,,,SP,Johnny Cueto (6694474),Johnny Cueto,6694474,11600,Tor@SF 10:15PM ET,SF,
,,,,,,,,,,,SP,Noah Syndergaard (6694461),Noah Syndergaard,6694461,11500,NYM@LAD 10:10PM ET,NYM,
,,,,,,,,,,,SP,Vince Velasquez (6694257),Vince Velasquez,6694257,11400,Phi@Atl 07:10PM ET,Phi,
,,,,,,,,,,,SP,Max Scherzer (6694349),Max Scherzer,6694349,11300,Det@Was 07:05PM ET,Was,
,,,,,,,,,,,SP,Chris Sale (6694418),Chris Sale,6694418,11300,CWS@Tex 08:05PM ET,CWS,
,,,,,,,,,,,SP,Felix Hernandez (6694371),Felix Hernandez,6694371,11200,TB@Sea 10:10PM ET,Sea,
,,,,,,,,,,,SP,Jeff Samardzija (6694476),Jeff Samardzija,6694476,10900,Tor@SF 10:15PM ET,SF,
,,,,,,,,,,,SP,Jacob deGrom (6694462),Jacob deGrom,6694462,10900,NYM@LAD 10:10PM ET,NYM,
,,,,,,,,,,,SP,Aaron Nola (6694261),Aaron Nola,6694261,10800,Phi@Atl 07:10PM ET,Phi,
,,,,,,,,,,,SP,Chris Archer (6694374),Chris Archer,6694374,10500,TB@Sea 10:10PM ET,TB,
,,,,,,,,,,,SP,Drew Smyly (6694384),Drew Smyly,6694384,10500,TB@Sea 10:10PM ET,TB,
,,,,,,,,,,,SP,Yu Darvish (6694416),Yu Darvish,6694416,10300,CWS@Tex 08:05PM ET,Tex,
,,,,,,,,,,,SP,John Lackey (6694284),John Lackey,6694284,10100,SD@ChC 08:05PM ET,ChC,
,,,,,,,,,,,SP,Kenta Maeda (6694455),Kenta Maeda,6694455,10100,NYM@LAD 10:10PM ET,LAD,
,,,,,,,,,,,SP,Matt Harvey (6694456),Matt Harvey,6694456,10000,NYM@LAD 10:10PM ET,NYM,
,,,,,,,,,,,SP,David Price (6694210),David Price,6694210,9900,Oak@Bos 07:10PM ET,Bos,
,,,,,,,,,,,SP,Danny Hultzen (6694379),Danny Hultzen,6694379,9900,TB@Sea 10:10PM ET,Sea,
,,,,,,,,,,,SP,Masahiro Tanaka (6694238),Masahiro Tanaka,6694238,9800,KC@NYY 07:05PM ET,NYY,
,,,,,,,,,,,SP,Nathan Karns (6694375),Nathan Karns,6694375,9700,TB@Sea 10:10PM ET,Sea,
,,,,,,,,,,,SP,Cole Hamels (6694410),Cole Hamels,6694410,9600,CWS@Tex 08:05PM ET,Tex,
,,,,,,,,,,,SP,Julio Teheran (6694250),Julio Teheran,6694250,9600,Phi@Atl 07:10PM ET,Atl,
,,,,,,,,,,,SP,Taijuan Walker (6694383),Taijuan Walker,6694383,9600,TB@Sea 10:10PM ET,Sea,
,,,,,,,,,,,SP,Steven Matz (6694458),Steven Matz,6694458,9500,NYM@LAD 10:10PM ET,NYM,
,,,,,,,,,,,SP,Jose Quintana (6694424),Jose Quintana,6694424,9200,CWS@Tex 08:05PM ET,CWS,
,,,,,,,,,,,SP,Hisashi Iwakuma (6694386),Hisashi Iwakuma,6694386,9200,TB@Sea 10:10PM ET,Sea,
,,,,,,,,,,,SP,Jason Hammel (6694286),Jason Hammel,6694286,9100,SD@ChC 08:05PM ET,ChC,
,,,,,,,,,,,SP,Francisco Liriano (6694304),Francisco Liriano,6694304,9000,Pit@Cin 07:10PM ET,Pit,
,,,,,,,,,,,SP,Carlos Martinez (6694402),Carlos Martinez,6694402,9000,StL@LAA 10:05PM ET,StL,
,,,,,,,,,,,SP,Trevor Bauer (6694368),Trevor Bauer,6694368,9000,Cle@Hou 08:10PM ET,Cle,
,,,,,,,,,,,SP,Chris Tillman (6694333),Chris Tillman,6694333,8900,Bal@Min 08:10PM ET,Bal,
,,,,,,,,,,,SP,Josh Tomlin (6694361),Josh Tomlin,6694361,8900,Cle@Hou 08:10PM ET,Cle,
,,,,,,,,,,,SP,Rick Porcello (6694212),Rick Porcello,6694212,8900,Oak@Bos 07:10PM ET,Bos,
,,,,,,,,,,,SP,Hyun-Jin Ryu (6694465),Hyun-Jin Ryu,6694465,8900,NYM@LAD 10:10PM ET,LAD,
,,,,,,,,,,,SP,Jordan Zimmermann (6694350),Jordan Zimmermann,6694350,8800,Det@Was 07:05PM ET,Det,
,,,,,,,,,,,SP,Zack Wheeler (6694457),Zack Wheeler,6694457,8800,NYM@LAD 10:10PM ET,NYM,
,,,,,,,,,,,SP,Garrett Richards (6694400),Garrett Richards,6694400,8800,StL@LAA 10:05PM ET,LAA,
,,,,,,,,,,,SP,Kyle Hendricks (6694300),Kyle Hendricks,6694300,8800,SD@ChC 08:05PM ET,ChC,
,,,,,,,,,,,SP,Jaime Garcia (6694393),Jaime Garcia,6694393,8700,StL@LAA 10:05PM ET,StL,
,,,,,,,,,,,SP,Gerrit Cole (6694310),Gerrit Cole,6694310,8700,Pit@Cin 07:10PM ET,Pit,
,,,,,,,,,,,SP,Marcus Stroman (6694479),Marcus Stroman,6694479,8700,Tor@SF 10:15PM ET,Tor,
,,,,,,,,,,,SP,Wade Miley (6694378),Wade Miley,6694378,8600,TB@Sea 10:10PM ET,Sea,
,,,,,,,,,,,SP,Lance McCullers (6694370),Lance McCullers,6694370,8600,Cle@Hou 08:10PM ET,Hou,
,,,,,,,,,,,SP,Gio Gonzalez (6694346),Gio Gonzalez,6694346,8500,Det@Was 07:05PM ET,Was,
,,,,,,,,,,,SP,Ian Kennedy (6694231),Ian Kennedy,6694231,8500,KC@NYY 07:05PM ET,KC,
,,,,,,,,,,,SP,Blake Snell (6694388),Blake Snell,6694388,8500,TB@Sea 10:10PM ET,TB,
,,,,,,,,,,,SP,Michael Wacha (6694406),Michael Wacha,6694406,8500,StL@LAA 10:05PM ET,StL,
,,,,,,,,,,,SP,Jake Odorizzi (6694377),Jake Odorizzi,6694377,8300,TB@Sea 10:10PM ET,TB,
,,,,,,,,,,,SP,Tyson Ross (6694294),Tyson Ross,6694294,8300,SD@ChC 08:05PM ET,SD,
,,,,,,,,,,,SP,Brandon McCarthy (6694451),Brandon McCarthy,6694451,8200,NYM@LAD 10:10PM ET,LAD,
,,,,,,,,,,,SP,Scott Kazmir (6694452),Scott Kazmir,6694452,8200,NYM@LAD 10:10PM ET,LAD,
,,,,,,,,,,,SP,Steven Wright (6694208),Steven Wright,6694208,8200,Oak@Bos 07:10PM ET,Bos,
,,,,,,,,,,,SP,Dallas Keuchel (6694365),Dallas Keuchel,6694365,8200,Cle@Hou 08:10PM ET,Hou,
,,,,,,,,,,,SP,Kevin Gausman (6694340),Kevin Gausman,6694340,8200,Bal@Min 08:10PM ET,Bal,
,,,,,,,,,,,SP,Justin Verlander (6694347),Justin Verlander,6694347,8100,Det@Was 07:05PM ET,Det,
,,,,,,,,,,,SP,Tanner Roark (6694351),Tanner Roark,6694351,8100,Det@Was 07:05PM ET,Was,
,,,,,,,,,,,SP,Jimmy Nelson (6694278),Jimmy Nelson,6694278,8100,Mil@Mia 07:10PM ET,Mil,
,,,,,,,,,,,SP,Jerad Eickhoff (6694259),Jerad Eickhoff,6694259,8100,Phi@Atl 07:10PM ET,Phi,
,,,,,,,,,,,SP,Alex Cobb (6694373),Alex Cobb,6694373,8000,TB@Sea 10:10PM ET,TB,
,,,,,,,,,,,SP,Ubaldo Jimenez (6694330),Ubaldo Jimenez,6694330,7900,Bal@Min 08:10PM ET,Bal,
,,,,,,,,,,,SP,Tyler Skaggs (6694399),Tyler Skaggs,6694399,7900,StL@LAA 10:05PM ET,LAA,
,,,,,,,,,,,RP,Zach Lee (6694777),Zach Lee,6694777,7900,NYM@LAD 10:10PM ET,LAD,
,,,,,,,,,,,SP,Matt Wisler (6694262),Matt Wisler,6694262,7900,Phi@Atl 07:10PM ET,Atl,
,,,,,,,,,,,SP,James Shields (6694285),James Shields,6694285,7800,SD@ChC 08:05PM ET,SD,
,,,,,,,,,,,SP,Wei-Yin Chen (6694270),Wei-Yin Chen,6694270,7800,Mil@Mia 07:10PM ET,Mia,
,,,,,,,,,,,SP,Tyler Glasnow (6694324),Tyler Glasnow,6694324,7800,Pit@Cin 07:10PM ET,Pit,
,,,,,,,,,,,SP,Matt Moore (6694376),Matt Moore,6694376,7700,TB@Sea 10:10PM ET,TB,
,,,,,,,,,,,SP,Joe Ross (6694355),Joe Ross,6694355,7700,Det@Was 07:05PM ET,Was,
,,,,,,,,,,,SP,Raisel Iglesias (6694327),Raisel Iglesias,6694327,7700,Pit@Cin 07:10PM ET,Cin,
,,,,,,,,,,,SP,Charlie Morton (6694244),Charlie Morton,6694244,7600,Phi@Atl 07:10PM ET,Phi,
,,,,,,,,,,,SP,Anibal Sanchez (6694345),Anibal Sanchez,6694345,7600,Det@Was 07:05PM ET,Det,
,,,,,,,,,,,SP,Bud Norris (6694248),Bud Norris,6694248,7600,Phi@Atl 07:10PM ET,Atl,
,,,,,,,,,,,SP,Michael Pineda (6694235),Michael Pineda,6694235,7600,KC@NYY 07:05PM ET,NYY,
,,,,,,,,,,,SP,Aaron Blair (6694258),Aaron Blair,6694258,7600,Phi@Atl 07:10PM ET,Atl,
,,,,,,,,,,,SP,Jeremy Hellickson (6694247),Jeremy Hellickson,6694247,7500,Phi@Atl 07:10PM ET,Phi,
,,,,,,,,,,,SP,Collin McHugh (6694363),Collin McHugh,6694363,7500,Cle@Hou 08:10PM ET,Hou,
,,,,,,,,,,,SP,Adam Conley (6694281),Adam Conley,6694281,7500,Mil@Mia 07:10PM ET,Mia,
,,,,,,,,,,,SP,C.J. Wilson (6694390),C.J. Wilson,6694390,7400,StL@LAA 10:05PM ET,LAA,
,,,,,,,,,,,SP,Yordano Ventura (6694239),Yordano Ventura,6694239,7400,KC@NYY 07:05PM ET,KC,
,,,,,,,,,,,RP,Jorge Lopez (6694571),Jorge Lopez,6694571,7400,Mil@Mia 07:10PM ET,Mil,
,,,,,,,,,,,SP,Carlos Rodon (6694426),Carlos Rodon,6694426,7400,CWS@Tex 08:05PM ET,CWS,
,,,,,,,,,,,SP,Adam Wainwright (6694389),Adam Wainwright,6694389,7300,StL@LAA 10:05PM ET,StL,
,,,,,,,,,,,SP,Nathan Eovaldi (6694236),Nathan Eovaldi,6694236,7300,KC@NYY 07:05PM ET,NYY,
,,,,,,,,,,,SP,Anthony DeSclafani (6694313),Anthony DeSclafani,6694313,7300,Pit@Cin 07:10PM ET,Cin,
,,,,,,,,,,,SP,Mike Fiers (6694366),Mike Fiers,6694366,7300,Cle@Hou 08:10PM ET,Hou,
,,,,,,,,,,,SP,Lucas Giolito (6694357),Lucas Giolito,6694357,7300,Det@Was 07:05PM ET,Was,
,,,,,,,,,,,SP,J.A. Happ (6694472),J.A. Happ,6694472,7200,Tor@SF 10:15PM ET,Tor,
,,,,,,,,,,,SP,Clay Buchholz (6694206),Clay Buchholz,6694206,7200,Oak@Bos 07:10PM ET,Bos,
,,,,,,,,,,,SP,Brandon Morrow (6694290),Brandon Morrow,6694290,7200,SD@ChC 08:05PM ET,SD,
,,,,,,,,,,,SP,Ervin Santana (6694328),Ervin Santana,6694328,7100,Bal@Min 08:10PM ET,Min,
,,,,,,,,,,,SP,Marco Estrada (6694473),Marco Estrada,6694473,7100,Tor@SF 10:15PM ET,Tor,
,,,,,,,,,,,SP,Hector Santiago (6694396),Hector Santiago,6694396,7100,StL@LAA 10:05PM ET,LAA,
,,,,,,,,,,,SP,A.J. Griffin (6694422),A.J. Griffin,6694422,7100,CWS@Tex 08:05PM ET,Tex,
,,,,,,,,,,,SP,Bartolo Colon (6694449),Bartolo Colon,6694449,7000,NYM@LAD 10:10PM ET,NYM,
,,,,,,,,,,,SP,Homer Bailey (6694306),Homer Bailey,6694306,7000,Pit@Cin 07:10PM ET,Cin,
,,,,,,,,,,,SP,Brett Anderson (6694454),Brett Anderson,6694454,7000,NYM@LAD 10:10PM ET,LAD,
,,,,,,,,,,,SP,Andrew Heaney (6694401),Andrew Heaney,6694401,7000,StL@LAA 10:05PM ET,LAA,
,,,,,,,,,,,SP,Jameson Taillon (6694317),Jameson Taillon,6694317,7000,Pit@Cin 07:10PM ET,Pit,
,,,,,,,,,,,SP,Eduardo Rodriguez (6694220),Eduardo Rodriguez,6694220,7000,Oak@Bos 07:10PM ET,Bos,
,,,,,,,,,,,SP,Clayton Blackburn (6694481),Clayton Blackburn,6694481,7000,Tor@SF 10:15PM ET,SF,
,,,,,,,,,,,SP,Jose Berrios (6694343),Jose Berrios,6694343,7000,Bal@Min 08:10PM ET,Min,
,,,,,,,,,,,SP,Rich Hill (6694204),Rich Hill,6694204,6900,Oak@Bos 07:10PM ET,Oak,
,,,,,,,,,,,SP,Yovani Gallardo (6694332),Yovani Gallardo,6694332,6900,Bal@Min 08:10PM ET,Bal,
,,,,,,,,,,,SP,Mike Minor (6694233),Mike Minor,6694233,6900,KC@NYY 07:05PM ET,KC,
,,,,,,,,,,,SP,Henry Owens (6694222),Henry Owens,6694222,6900,Oak@Bos 07:10PM ET,Bos,
,,,,,,,,,,,SP,CC Sabathia (6694227),CC Sabathia,6694227,6800,KC@NYY 07:05PM ET,NYY,
,,,,,,,,,,,SP,Jake Peavy (6694469),Jake Peavy,6694469,6800,Tor@SF 10:15PM ET,SF,
,,,,,,,,,,,SP,Zack Greinke (6694428),Zack Greinke,6694428,6800,Ari@Col 08:40PM ET,Ari,
,,,,,,,,,,,SP,Sonny Gray (6694215),Sonny Gray,6694215,6800,Oak@Bos 07:10PM ET,Oak,
,,,,,,,,,,,SP,Manny Banuelos (6694251),Manny Banuelos,6694251,6800,Phi@Atl 07:10PM ET,Atl,
,,,,,,,,,,,SP,Tyler Chatwood (6694434),Tyler Chatwood,6694434,6800,Ari@Col 08:40PM ET,Col,
,,,,,,,,,,,SP,Brian Johnson (6694218),Brian Johnson,6694218,6800,Oak@Bos 07:10PM ET,Bos,
,,,,,,,,,,,SP,Chase Whitley (6694385),Chase Whitley,6694385,6800,TB@Sea 10:10PM ET,TB,
,,,,,,,,,,,SP,Tyler Duffey (6694342),Tyler Duffey,6694342,6800,Bal@Min 08:10PM ET,Min,
,,,,,,,,,,,SP,Burch Smith (6694381),Burch Smith,6694381,6700,TB@Sea 10:10PM ET,TB,
,,,,,,,,,,,SP,Nick Kingham (6694318),Nick Kingham,6694318,6700,Pit@Cin 07:10PM ET,Pit,
,,,,,,,,,,,SP,Jon Gray (6694441),Jon Gray,6694441,6700,Ari@Col 08:40PM ET,Col,
,,,,,,,,,,,SP,Michael Fulmer (6694354),Michael Fulmer,6694354,6700,Det@Was 07:05PM ET,Det,
,,,,,,,,,,,SP,Tim Cooney (6694405),Tim Cooney,6694405,6700,StL@LAA 10:05PM ET,StL,
,,,,,,,,,,,SP,Luis Severino (6694242),Luis Severino,6694242,6700,KC@NYY 07:05PM ET,NYY,
,,,,,,,,,,,SP,Taylor Jungmann (6694272),Taylor Jungmann,6694272,6600,Mil@Mia 07:10PM ET,Mil,
,,,,,,,,,,,SP,Erasmo Ramirez (6694382),Erasmo Ramirez,6694382,6600,TB@Sea 10:10PM ET,TB,
,,,,,,,,,,,SP,Alex Wood (6694464),Alex Wood,6694464,6600,NYM@LAD 10:10PM ET,LAD,
,,,,,,,,,,,SP,Cody Reed (6694448),Cody Reed,6694448,6600,Ari@Col 08:40PM ET,Ari,
,,,,,,,,,,,SP,Colby Lewis (6694408),Colby Lewis,6694408,6500,CWS@Tex 08:05PM ET,Tex,
,,,,,,,,,,,SP,Edinson Volquez (6694229),Edinson Volquez,6694229,6500,KC@NYY 07:05PM ET,KC,
,,,,,,,,,,,SP,John Lamb (6694312),John Lamb,6694312,6500,Pit@Cin 07:10PM ET,Cin,
,,,,,,,,,,,RP,Brett Oberholtzer (6694537),Brett Oberholtzer,6694537,6500,Phi@Atl 07:10PM ET,Phi,
,,,,,,,,,,,SP,Chris Devenski (6694369),Chris Devenski,6694369,6500,Cle@Hou 08:10PM ET,Hou,
,,,,,,,,,,,SP,Ricky Nolasco (6694329),Ricky Nolasco,6694329,6400,Bal@Min 08:10PM ET,Min,
,,,,,,,,,,,SP,Andrew Cashner (6694291),Andrew Cashner,6694291,6400,SD@ChC 08:05PM ET,SD,
,,,,,,,,,,,SP,Drew Pomeranz (6694293),Drew Pomeranz,6694293,6400,SD@ChC 08:05PM ET,SD,
,,,,,,,,,,,SP,Robbie Erlin (6694296),Robbie Erlin,6694296,6400,SD@ChC 08:05PM ET,SD,
,,,,,,,,,,,SP,Drew Hutchison (6694478),Drew Hutchison,6694478,6400,Tor@SF 10:15PM ET,Tor,
,,,,,,,,,,,SP,Josh Smith (6694320),Josh Smith,6694320,6400,Pit@Cin 07:10PM ET,Cin,
,,,,,,,,,,,SP,Dallas Beeler (6694299),Dallas Beeler,6694299,6400,SD@ChC 08:05PM ET,ChC,
,,,,,,,,,,,SP,Colin Rea (6694301),Colin Rea,6694301,6400,SD@ChC 08:05PM ET,SD,
,,,,,,,,,,,SP,Robert Stephenson (6694323),Robert Stephenson,6694323,6400,Pit@Cin 07:10PM ET,Cin,
,,,,,,,,,,,RP,Jesse Chavez (6694785),Jesse Chavez,6694785,6300,Tor@SF 10:15PM ET,Tor,
,,,,,,,,,,,SP,Jorge De La Rosa (6694429),Jorge De La Rosa,6694429,6300,Ari@Col 08:40PM ET,Col,
,,,,,,,,,,,SP,Jhoulys Chacin (6694249),Jhoulys Chacin,6694249,6300,Phi@Atl 07:10PM ET,Atl,
,,,,,,,,,,,SP,Juan Nicasio (6694309),Juan Nicasio,6694309,6300,Pit@Cin 07:10PM ET,Pit,
,,,,,,,,,,,SP,Tommy Milone (6694336),Tommy Milone,6694336,6300,Bal@Min 08:10PM ET,Min,
,,,,,,,,,,,SP,Tom Koehler (6694271),Tom Koehler,6694271,6300,Mil@Mia 07:10PM ET,Mia,
,,,,,,,,,,,SP,Williams Perez (6694253),Williams Perez,6694253,6300,Phi@Atl 07:10PM ET,Atl,
,,,,,,,,,,,SP,Aaron Sanchez (6694480),Aaron Sanchez,6694480,6300,Tor@SF 10:15PM ET,Tor,
,,,,,,,,,,,SP,Derek Holland (6694415),Derek Holland,6694415,6200,CWS@Tex 08:05PM ET,Tex,
,,,,,,,,,,,SP,Kyle Gibson (6694338),Kyle Gibson,6694338,6200,Bal@Min 08:10PM ET,Min,
,,,,,,,,,,,RP,A.J. Cole (6694654),A.J. Cole,6694654,6200,Det@Was 07:05PM ET,Was,
,,,,,,,,,,,SP,Jason Vargas (6694230),Jason Vargas,6694230,6100,KC@NYY 07:05PM ET,KC,
,,,,,,,,,,,SP,Martin Perez (6694420),Martin Perez,6694420,6100,CWS@Tex 08:05PM ET,Tex,
,,,,,,,,,,,SP,Mike Foltynewicz (6694255),Mike Foltynewicz,6694255,6100,Phi@Atl 07:10PM ET,Atl,
,,,,,,,,,,,SP,Zach Davies (6694282),Zach Davies,6694282,6100,Mil@Mia 07:10PM ET,Mil,
,,,,,,,,,,,SP,Jeff Locke (6694308),Jeff Locke,6694308,6000,Pit@Cin 07:10PM ET,Pit,
,,,,,,,,,,,SP,Mike Leake (6694395),Mike Leake,6694395,6000,StL@LAA 10:05PM ET,StL,
,,,,,,,,,,,SP,Mike Bolsinger (6694459),Mike Bolsinger,6694459,6000,NYM@LAD 10:10PM ET,LAD,
,,,,,,,,,,,RP,Kendry Flores (6694567),Kendry Flores,6694567,6000,Mil@Mia 07:10PM ET,Mia,
,,,,,,,,,,,SP,Jarred Cosart (6694277),Jarred Cosart,6694277,6000,Mil@Mia 07:10PM ET,Mia,
,,,,,,,,,,,SP,Chris Young (6694228),Chris Young,6694228,5900,KC@NYY 07:05PM ET,KC,
,,,,,,,,,,,SP,Jered Weaver (6694392),Jered Weaver,6694392,5900,StL@LAA 10:05PM ET,LAA,
,,,,,,,,,,,SP,Kris Medlen (6694232),Kris Medlen,6694232,5900,KC@NYY 07:05PM ET,KC,
,,,,,,,,,,,SP,Chase Anderson (6694273),Chase Anderson,6694273,5900,Mil@Mia 07:10PM ET,Mil,
,,,,,,,,,,,SP,Scott Feldman (6694358),Scott Feldman,6694358,5800,Cle@Hou 08:10PM ET,Hou,
,,,,,,,,,,,SP,Phil Hughes (6694331),Phil Hughes,6694331,5800,Bal@Min 08:10PM ET,Min,
,,,,,,,,,,,SP,Matt Garza (6694268),Matt Garza,6694268,5800,Mil@Mia 07:10PM ET,Mil,
,,,,,,,,,,,SP,Mat Latos (6694414),Mat Latos,6694414,5800,CWS@Tex 08:05PM ET,CWS,
,,,,,,,,,,,SP,Chad Bettis (6694430),Chad Bettis,6694430,5800,Ari@Col 08:40PM ET,Col,
,,,,,,,,,,,RP,Matt Boyd (6694658),Matt Boyd,6694658,5800,Det@Was 07:05PM ET,Det,
,,,,,,,,,,,SP,R.A. Dickey (6694468),R.A. Dickey,6694468,5700,Tor@SF 10:15PM ET,Tor,
,,,,,,,,,,,SP,Matt Cain (6694471),Matt Cain,6694471,5700,Tor@SF 10:15PM ET,SF,
,,,,,,,,,,,SP,Cody Anderson (6694367),Cody Anderson,6694367,5700,Cle@Hou 08:10PM ET,Cle,
,,,,,,,,,,,SP,Doug Fister (6694360),Doug Fister,6694360,5600,Cle@Hou 08:10PM ET,Hou,
,,,,,,,,,,,SP,Vance Worley (6694335),Vance Worley,6694335,5600,Bal@Min 08:10PM ET,Bal,
,,,,,,,,,,,1B,Paul Goldschmidt (6694935),Paul Goldschmidt,6694935,5600,Ari@Col 08:40PM ET,Ari,
,,,,,,,,,,,SP,Mike Wright (6694341),Mike Wright,6694341,5600,Bal@Min 08:10PM ET,Bal,
,,,,,,,,,,,SP,Ross Stripling (6694463),Ross Stripling,6694463,5600,NYM@LAD 10:10PM ET,LAD,
,,,,,,,,,,,SP,Kyle Zimmer (6694241),Kyle Zimmer,6694241,5600,KC@NYY 07:05PM ET,KC,
,,,,,,,,,,,SP,Sean Manaea (6694226),Sean Manaea,6694226,5600,Oak@Bos 07:10PM ET,Oak,
,,,,,,,,,,,SP,Ryan Vogelsong (6694303),Ryan Vogelsong,6694303,5500,Pit@Cin 07:10PM ET,Pit,
,,,,,,,,,,,SP,Jarrod Parker (6694211),Jarrod Parker,6694211,5500,Oak@Bos 07:10PM ET,Oak,
,,,,,,,,,,,3B,Nolan Arenado (6695072),Nolan Arenado,6695072,5500,Ari@Col 08:40PM ET,Col,
,,,,,,,,,,,SP,Tyler Cravy (6694274),Tyler Cravy,6694274,5500,Mil@Mia 07:10PM ET,Mil,
,,,,,,,,,,,SP,Jesse Hahn (6694219),Jesse Hahn,6694219,5500,Oak@Bos 07:10PM ET,Oak,
,,,,,,,,,,,SP,Adam Morgan (6694260),Adam Morgan,6694260,5500,Phi@Atl 07:10PM ET,Phi,
,,,,,,,,,,,RP,Dylan Bundy (6694633),Dylan Bundy,6694633,5500,Bal@Min 08:10PM ET,Bal,
,,,,,,,,,,,1B,Anthony Rizzo (6694905),Anthony Rizzo,6694905,5400,SD@ChC 08:05PM ET,ChC,
,,,,,,,,,,,SP,Joe Kelly (6694217),Joe Kelly,6694217,5400,Oak@Bos 07:10PM ET,Bos,
,,,,,,,,,,,SP,Cesar Vargas (6694298),Cesar Vargas,6694298,5400,SD@ChC 08:05PM ET,SD,
,,,,,,,,,,,SP,Tyrell Jenkins (6694254),Tyrell Jenkins,6694254,5400,Phi@Atl 07:10PM ET,Atl,
,,,,,,,,,,,SP,Erik Johnson (6694425),Erik Johnson,6694425,5400,CWS@Tex 08:05PM ET,CWS,
,,,,,,,,,,,SP,Nick Tropeano (6694404),Nick Tropeano,6694404,5400,StL@LAA 10:05PM ET,LAA,
,,,,,,,,,,,SP,Wily Peralta (6694269),Wily Peralta,6694269,5300,Mil@Mia 07:10PM ET,Mil,
,,,,,,,,,,,RP,David Phelps (6694563),David Phelps,6694563,5300,Mil@Mia 07:10PM ET,Mia,
,,,,,,,,,,,SP,Rubby De La Rosa (6694439),Rubby De La Rosa,6694439,5300,Ari@Col 08:40PM ET,Ari,
,,,,,,,,,,,SP,Logan Verrett (6694460),Logan Verrett,6694460,5300,NYM@LAD 10:10PM ET,NYM,
,,,,,,,,,,,SP,Marco Gonzales (6694403),Marco Gonzales,6694403,5300,StL@LAA 10:05PM ET,StL,
,,,,,,,,,,,SS,Trevor Story (6695156),Trevor Story,6695156,5300,Ari@Col 08:40PM ET,Col,
,,,,,,,,,,,SP,Miguel Gonzalez (6694412),Miguel Gonzalez,6694412,5200,CWS@Tex 08:05PM ET,CWS,
,,,,,,,,,,,SP,Ivan Nova (6694234),Ivan Nova,6694234,5200,KC@NYY 07:05PM ET,NYY,
,,,,,,,,,,,OF,Starling Marte (6695253),Starling Marte,6695253,5200,Pit@Cin 07:10PM ET,Pit,
,,,,,,,,,,,SP,Robbie Ray (6694440),Robbie Ray,6694440,5200,Ari@Col 08:40PM ET,Ari,
,,,,,,,,,,,SP,Brandon Finnegan (6694325),Brandon Finnegan,6694325,5200,Pit@Cin 07:10PM ET,Cin,
,,,,,,,,,,,SP,Roenis Elias (6694224),Roenis Elias,6694224,5200,Oak@Bos 07:10PM ET,Bos,
,,,,,,,,,,,SP,John Danks (6694411),John Danks,6694411,5100,CWS@Tex 08:05PM ET,CWS,
,,,,,,,,,,,SP,Jonathon Niese (6694307),Jonathon Niese,6694307,5100,Pit@Cin 07:10PM ET,Pit,
,,,,,,,,,,,SP,Sean O'Sullivan (6694207),Sean O'Sullivan,6694207,5100,Oak@Bos 07:10PM ET,Bos,
,,,,,,,,,,,OF,Giancarlo Stanton (6695224),Giancarlo Stanton,6695224,5100,Mil@Mia 07:10PM ET,Mia,
,,,,,,,,,,,OF,Mike Trout (6695314),Mike Trout,6695314,5100,StL@LAA 10:05PM ET,LAA,
,,,,,,,,,,,SP,Patrick Corbin (6694437),Patrick Corbin,6694437,5100,Ari@Col 08:40PM ET,Ari,
,,,,,,,,,,,SP,Brandon Workman (6694213),Brandon Workman,6694213,5000,Oak@Bos 07:10PM ET,Bos,
,,,,,,,,,,,2B,Jose Altuve (6694989),Jose Altuve,6694989,5000,Cle@Hou 08:10PM ET,Hou,
,,,,,,,,,,,2B,Jean Segura (6695000),Jean Segura,6695000,5000,Ari@Col 08:40PM ET,Ari,
,,,,,,,,,,,SP,Shelby Miller (6694436),Shelby Miller,6694436,5000,Ari@Col 08:40PM ET,Ari,
,,,,,,,,,,,OF,Bryce Harper (6695283),Bryce Harper,6695283,5000,Det@Was 07:05PM ET,Was,
,,,,,,,,,,,SP,Justin Nicolino (6694279),Justin Nicolino,6694279,5000,Mil@Mia 07:10PM ET,Mia,
,,,,,,,,,,,RP,Tyler Wagner (6694754),Tyler Wagner,6694754,5000,Ari@Col 08:40PM ET,Ari,
,,,,,,,,,,,SP,Alfredo Simon (6694305),Alfredo Simon,6694305,4900,Pit@Cin 07:10PM ET,Cin,
,,,,,,,,,,,SP,Matt Harrison (6694246),Matt Harrison,6694246,4900,Phi@Atl 07:10PM ET,Phi,
,,,,,,,,,,,SP,Kyle Kendrick (6694391),Kyle Kendrick,6694391,4900,StL@LAA 10:05PM ET,LAA,
,,,,,,,,,,,OF,Andrew McCutchen (6695248),Andrew McCutchen,6695248,4900,Pit@Cin 07:10PM ET,Pit,
,,,,,,,,,,,RP,Mike Montgomery (6694688),Mike Montgomery,6694688,4900,TB@Sea 10:10PM ET,Sea,
,,,,,,,,,,,OF,Gregory Polanco (6695255),Gregory Polanco,6695255,4900,Pit@Cin 07:10PM ET,Pit,
,,,,,,,,,,,SP,Tyler Wilson (6694339),Tyler Wilson,6694339,4900,Bal@Min 08:10PM ET,Bal,
,,,,,,,,,,,3B/SS,Manny Machado (6695118),Manny Machado,6695118,4900,Bal@Min 08:10PM ET,Bal,
,,,,,,,,,,,SP,Jon Moscot (6694322),Jon Moscot,6694322,4900,Pit@Cin 07:10PM ET,Cin,
,,,,,,,,,,,3B,Todd Frazier (6695071),Todd Frazier,6695071,4800,CWS@Tex 08:05PM ET,CWS,
,,,,,,,,,,,RP,Taylor Jordan (6694645),Taylor Jordan,6694645,4800,Det@Was 07:05PM ET,Was,
,,,,,,,,,,,SP,Matt Shoemaker (6694398),Matt Shoemaker,6694398,4800,StL@LAA 10:05PM ET,LAA,
,,,,,,,,,,,1B,Jose Abreu (6694933),Jose Abreu,6694933,4800,CWS@Tex 08:05PM ET,CWS,
,,,,,,,,,,,OF,Mookie Betts (6695195),Mookie Betts,6695195,4800,Oak@Bos 07:10PM ET,Bos,
,,,,,,,,,,,3B,David Wright (6695074),David Wright,6695074,4700,NYM@LAD 10:10PM ET,NYM,
,,,,,,,,,,,OF,Carlos Gonzalez (6695333),Carlos Gonzalez,6695333,4700,Ari@Col 08:40PM ET,Col,
,,,,,,,,,,,C,Welington Castillo (6694874),Welington Castillo,6694874,4700,Ari@Col 08:40PM ET,Ari,
,,,,,,,,,,,3B,Josh Donaldson (6695077),Josh Donaldson,6695077,4700,Tor@SF 10:15PM ET,Tor,
,,,,,,,,,,,RP,Danny Duffy (6694512),Danny Duffy,6694512,4700,KC@NYY 07:05PM ET,KC,
,,,,,,,,,,,SP,Jordan Lyles (6694432),Jordan Lyles,6694432,4700,Ari@Col 08:40PM ET,Col,
,,,,,,,,,,,SP,Shane Greene (6694353),Shane Greene,6694353,4700,Det@Was 07:05PM ET,Det,
,,,,,,,,,,,SP,Michael Lorenzen (6694319),Michael Lorenzen,6694319,4700,Pit@Cin 07:10PM ET,Cin,
,,,,,,,,,,,3B/OF,Kris Bryant (6695105),Kris Bryant,6695105,4700,SD@ChC 08:05PM ET,ChC,
,,,,,,,,,,,SP,Chris Bassitt (6694223),Chris Bassitt,6694223,4700,Oak@Bos 07:10PM ET,Oak,
,,,,,,,,,,,OF,Yasmany Tomas (6695340),Yasmany Tomas,6695340,4700,Ari@Col 08:40PM ET,Ari,
,,,,,,,,,,,OF,Dexter Fowler (6695235),Dexter Fowler,6695235,4600,SD@ChC 08:05PM ET,ChC,
,,,,,,,,,,,OF,Ryan Braun (6695221),Ryan Braun,6695221,4600,Mil@Mia 07:10PM ET,Mil,
,,,,,,,,,,,2B,Daniel Murphy (6694987),Daniel Murphy,6694987,4600,Det@Was 07:05PM ET,Was,
,,,,,,,,,,,RP,Ross Detwiler (6694668),Ross Detwiler,6694668,4600,Cle@Hou 08:10PM ET,Cle,
,,,,,,,,,,,OF,Charlie Blackmon (6695337),Charlie Blackmon,6695337,4600,Ari@Col 08:40PM ET,Col,
,,,,,,,,,,,OF,Billy Burns (6695192),Billy Burns,6695192,4600,Oak@Bos 07:10PM ET,Oak,
,,,,,,,,,,,SP,Christian Bergman (6694442),Christian Bergman,6694442,4600,Ari@Col 08:40PM ET,Col,
,,,,,,,,,,,SS,Jose Reyes (6695154),Jose Reyes,6695154,4500,Ari@Col 08:40PM ET,Col,
,,,,,,,,,,,1B,Joey Votto (6694909),Joey Votto,6694909,4500,Pit@Cin 07:10PM ET,Cin,
,,,,,,,,,,,SP,Tim Melville (6694311),Tim Melville,6694311,4500,Pit@Cin 07:10PM ET,Cin,
,,,,,,,,,,,SP,Chris Rusin (6694433),Chris Rusin,6694433,4500,Ari@Col 08:40PM ET,Col,
,,,,,,,,,,,SP,Henderson Alvarez (6694216),Henderson Alvarez,6694216,4500,Oak@Bos 07:10PM ET,Oak,
,,,,,,,,,,,SP,Tim Adleman (6694321),Tim Adleman,6694321,4500,Pit@Cin 07:10PM ET,Cin,
,,,,,,,,,,,SS,Xander Bogaerts (6695122),Xander Bogaerts,6695122,4500,Oak@Bos 07:10PM ET,Bos,
,,,,,,,,,,,OF,Yoenis Cespedes (6695350),Yoenis Cespedes,6695350,4500,NYM@LAD 10:10PM ET,NYM,
,,,,,,,,,,,1B,David Ortiz (6694892),David Ortiz,6694892,4400,Oak@Bos 07:10PM ET,Bos,
,,,,,,,,,,,3B,Adrian Beltre (6695070),Adrian Beltre,6695070,4400,CWS@Tex 08:05PM ET,Tex,
,,,,,,,,,,,1B,Hanley Ramirez (6694893),Hanley Ramirez,6694893,4400,Oak@Bos 07:10PM ET,Bos,
,,,,,,,,,,,2B,Ben Zobrist (6694974),Ben Zobrist,6694974,4400,SD@ChC 08:05PM ET,ChC,
,,,,,,,,,,,2B,Dustin Pedroia (6694965),Dustin Pedroia,6694965,4400,Oak@Bos 07:10PM ET,Bos,
,,,,,,,,,,,OF,Jacoby Ellsbury (6695200),Jacoby Ellsbury,6695200,4400,KC@NYY 07:05PM ET,NYY,
,,,,,,,,,,,1B,Chris Davis (6694913),Chris Davis,6694913,4400,Bal@Min 08:10PM ET,Bal,
,,,,,,,,,,,SP,Felix Doubront (6694209),Felix Doubront,6694209,4400,Oak@Bos 07:10PM ET,Oak,
,,,,,,,,,,,2B,Brett Lawrie (6694996),Brett Lawrie,6694996,4400,CWS@Tex 08:05PM ET,CWS,
,,,,,,,,,,,SP,Tyler Matzek (6694435),Tyler Matzek,6694435,4400,Ari@Col 08:40PM ET,Col,
,,,,,,,,,,,RP,Tyler Lyons (6694710),Tyler Lyons,6694710,4400,StL@LAA 10:05PM ET,StL,
,,,,,,,,,,,OF,Jose Bautista (6695354),Jose Bautista,6695354,4300,Tor@SF 10:15PM ET,Tor,
,,,,,,,,,,,2B,Ian Kinsler (6694985),Ian Kinsler,6694985,4300,Det@Was 07:05PM ET,Det,
,,,,,,,,,,,OF,Michael Brantley (6695289),Michael Brantley,6695289,4300,Cle@Hou 08:10PM ET,Cle,
,,,,,,,,,,,SP,Mike Pelfrey (6694348),Mike Pelfrey,6694348,4300,Det@Was 07:05PM ET,Det,
,,,,,,,,,,,OF,Josh Reddick (6695190),Josh Reddick,6695190,4300,Oak@Bos 07:10PM ET,Oak,
,,,,,,,,,,,OF,Gerardo Parra (6695335),Gerardo Parra,6695335,4300,Ari@Col 08:40PM ET,Col,
,,,,,,,,,,,C,Travis d'Arnaud (6694881),Travis d'Arnaud,6694881,4300,NYM@LAD 10:10PM ET,NYM,
,,,,,,,,,,,RP,Casey Kelly (6694535),Casey Kelly,6694535,4300,Phi@Atl 07:10PM ET,Atl,
,,,,,,,,,,,2B,Dee Gordon (6694972),Dee Gordon,6694972,4300,Mil@Mia 07:10PM ET,Mia,
,,,,,,,,,,,3B,Jake Lamb (6695073),Jake Lamb,6695073,4300,Ari@Col 08:40PM ET,Ari,
,,,,,,,,,,,OF,Christian Yelich (6695231),Christian Yelich,6695231,4300,Mil@Mia 07:10PM ET,Mia,
,,,,,,,,,,,3B/OF,Brandon Drury (6695110),Brandon Drury,6695110,4300,Ari@Col 08:40PM ET,Ari,
,,,,,,,,,,,SP,Archie Bradley (6694444),Archie Bradley,6694444,4300,Ari@Col 08:40PM ET,Ari,
,,,,,,,,,,,2B,Rougned Odor (6694999),Rougned Odor,6694999,4300,CWS@Tex 08:05PM ET,Tex,
,,,,,,,,,,,SS,Carlos Correa (6695143),Carlos Correa,6695143,4300,Cle@Hou 08:10PM ET,Hou,
,,,,,,,,,,,1B,Edwin Encarnacion (6694938),Edwin Encarnacion,6694938,4200,Tor@SF 10:15PM ET,Tor,
,,,,,,,,,,,SP,Gavin Floyd (6694470),Gavin Floyd,6694470,4200,Tor@SF 10:15PM ET,Tor,
,,,,,,,,,,,1B,Miguel Cabrera (6694917),Miguel Cabrera,6694917,4200,Det@Was 07:05PM ET,Det,
,,,,,,,,,,,OF,Melky Cabrera (6695321),Melky Cabrera,6695321,4200,CWS@Tex 08:05PM ET,CWS,
,,,,,,,,,,,OF,Justin Upton (6695275),Justin Upton,6695275,4200,Det@Was 07:05PM ET,Det,
,,,,,,,,,,,RP,Dillon Gee (6694510),Dillon Gee,6694510,4200,KC@NYY 07:05PM ET,KC,
,,,,,,,,,,,SP,Eric Surkamp (6694214),Eric Surkamp,6694214,4200,Oak@Bos 07:10PM ET,Oak,
,,,,,,,,,,,SP,Chris Beck (6694423),Chris Beck,6694423,4200,CWS@Tex 08:05PM ET,CWS,
,,,,,,,,,,,SP,Jose Urena (6694276),Jose Urena,6694276,4200,Mil@Mia 07:10PM ET,Mia,
,,,,,,,,,,,SS,Jimmy Rollins (6695150),Jimmy Rollins,6695150,4100,CWS@Tex 08:05PM ET,CWS,
,,,,,,,,,,,2B,Brandon Phillips (6694979),Brandon Phillips,6694979,4100,Pit@Cin 07:10PM ET,Cin,
,,,,,,,,,,,SP,Jeremy Guthrie (6694409),Jeremy Guthrie,6694409,4100,CWS@Tex 08:05PM ET,Tex,
,,,,,,,,,,,OF,Rickie Weeks Jr. (6695332),Rickie Weeks Jr.,6695332,4100,Ari@Col 08:40PM ET,Ari,
,,,,,,,,,,,OF,Jay Bruce (6695249),Jay Bruce,6695249,4100,Pit@Cin 07:10PM ET,Cin,
,,,,,,,,,,,OF,Brett Gardner (6695199),Brett Gardner,6695199,4100,KC@NYY 07:05PM ET,NYY,
,,,,,,,,,,,2B,Logan Forsythe (6694991),Logan Forsythe,6694991,4100,TB@Sea 10:10PM ET,TB,
,,,,,,,,,,,2B,Jason Kipnis (6694988),Jason Kipnis,6694988,4100,Cle@Hou 08:10PM ET,Cle,
,,,,,,,,,,,OF,Stephen Piscotty (6695316),Stephen Piscotty,6695316,4100,StL@LAA 10:05PM ET,StL,
,,,,,,,,,,,SP,Sean Nolin (6694275),Sean Nolin,6694275,4100,Mil@Mia 07:10PM ET,Mil,
,,,,,,,,,,,3B,Eugenio Suarez (6695059),Eugenio Suarez,6695059,4100,Pit@Cin 07:10PM ET,Cin,
,,,,,,,,,,,OF,George Springer (6695296),George Springer,6695296,4100,Cle@Hou 08:10PM ET,Hou,
,,,,,,,,,,,1B/OF,Mark Canha (6694951),Mark Canha,6694951,4100,Oak@Bos 07:10PM ET,Oak,
,,,,,,,,,,,RP,Gabriel Ynoa (6694779),Gabriel Ynoa,6694779,4100,NYM@LAD 10:10PM ET,NYM,
,,,,,,,,,,,SP,Matt Andriese (6694387),Matt Andriese,6694387,4100,TB@Sea 10:10PM ET,TB,
,,,,,,,,,,,RP,Joe Nathan (6694634),Joe Nathan,6694634,4000,Det@Was 07:05PM ET,Det,
,,,,,,,,,,,RP,Buddy Carlyle (6694757),Buddy Carlyle,6694757,4000,NYM@LAD 10:10PM ET,NYM,
,,,,,,,,,,,SP,Johan Santana (6694467),Johan Santana,6694467,4000,Tor@SF 10:15PM ET,Tor,
,,,,,,,,,,,RP,Jason Grilli (6694525),Jason Grilli,6694525,4000,Phi@Atl 07:10PM ET,Atl,
,,,,,,,,,,,SP,Jason Marquis (6694302),Jason Marquis,6694302,4000,Pit@Cin 07:10PM ET,Cin,
,,,,,,,,,,,RP,Joaquin Benoit (6694678),Joaquin Benoit,6694678,4000,TB@Sea 10:10PM ET,Sea,
,,,,,,,,,,,SP,Josh Beckett (6694450),Josh Beckett,6694450,4000,NYM@LAD 10:10PM ET,LAD,
,,,,,,,,,,,RP,Rafael Soriano (6694782),Rafael Soriano,6694782,4000,Tor@SF 10:15PM ET,Tor,
,,,,,,,,,,,RP,Fernando Rodney (6694575),Fernando Rodney,6694575,4000,SD@ChC 08:05PM ET,SD,
,,,,,,,,,,,RP,Oliver Perez (6694635),Oliver Perez,6694635,4000,Det@Was 07:05PM ET,Was,
,,,,,,,,,,,SP,Cliff Lee (6694243),Cliff Lee,6694243,4000,Phi@Atl 07:10PM ET,Phi,
,,,,,,,,,,,RP,Francisco Rodriguez (6694636),Francisco Rodriguez,6694636,4000,Det@Was 07:05PM ET,Det,
,,,,,,,,,,,RP,Ryan Madson (6694482),Ryan Madson,6694482,4000,Oak@Bos 07:10PM ET,Oak,
,,,,,,,,,,,RP,Sean Burnett (6694698),Sean Burnett,6694698,4000,StL@LAA 10:05PM ET,LAA,
,,,,,,,,,,,RP,Javier Lopez (6694783),Javier Lopez,6694783,4000,Tor@SF 10:15PM ET,SF,
,,,,,,,,,,,RP,Chris Capuano (6694551),Chris Capuano,6694551,4000,Mil@Mia 07:10PM ET,Mil,
,,,,,,,,,,,RP,Scott Rice (6694758),Scott Rice,6694758,4000,NYM@LAD 10:10PM ET,NYM,
,,,,,,,,,,,RP,Jason Frasor (6694526),Jason Frasor,6694526,4000,Phi@Atl 07:10PM ET,Atl,
,,,,,,,,,,,RP,Blaine Boyer (6694552),Blaine Boyer,6694552,4000,Mil@Mia 07:10PM ET,Mil,
,,,,,,,,,,,RP,Chien-Ming Wang (6694502),Chien-Ming Wang,6694502,4000,KC@NYY 07:05PM ET,KC,
,,,,,,,,,,,RP,Joel Hanrahan (6694637),Joel Hanrahan,6694637,4000,Det@Was 07:05PM ET,Det,
,,,,,,,,,,,RP,Joel Peralta (6694679),Joel Peralta,6694679,4000,TB@Sea 10:10PM ET,Sea,
,,,,,,,,,,,RP,Chad Qualls (6694737),Chad Qualls,6694737,4000,Ari@Col 08:40PM ET,Col,
,,,,,,,,,,,2B,Robinson Cano (6694990),Robinson Cano,6694990,4000,TB@Sea 10:10PM ET,Sea,
,,,,,,,,,,,RP,Santiago Casilla (6694784),Santiago Casilla,6694784,4000,Tor@SF 10:15PM ET,SF,
,,,,,,,,,,,SP,Edwin Jackson (6694266),Edwin Jackson,6694266,4000,Mil@Mia 07:10PM ET,Mia,
,,,,,,,,,,,RP,Brandon League (6694759),Brandon League,6694759,4000,NYM@LAD 10:10PM ET,LAD,
,,,,,,,,,,,RP,Jim Johnson (6694527),Jim Johnson,6694527,4000,Phi@Atl 07:10PM ET,Atl,
,,,,,,,,,,,RP,Craig Breslow (6694553),Craig Breslow,6694553,4000,Mil@Mia 07:10PM ET,Mia,
,,,,,,,,,,,RP,Joe Blanton (6694760),Joe Blanton,6694760,4000,NYM@LAD 10:10PM ET,LAD,
,,,,,,,,,,,RP,Kevin Jepsen (6694616),Kevin Jepsen,6694616,4000,Bal@Min 08:10PM ET,Min,
,,,,,,,,,,,RP,Matt Albers (6694719),Matt Albers,6694719,4000,CWS@Tex 08:05PM ET,CWS,
,,,,,,,,,,,RP,Zach Duke (6694720),Zach Duke,6694720,4000,CWS@Tex 08:05PM ET,CWS,
,,,,,,,,,,,RP,Sergio Santos (6694503),Sergio Santos,6694503,4000,KC@NYY 07:05PM ET,NYY,
,,,,,,,,,,,RP,Jonathan Broxton (6694699),Jonathan Broxton,6694699,4000,StL@LAA 10:05PM ET,StL,
,,,,,,,,,,,RP,Jesse Crain (6694721),Jesse Crain,6694721,4000,CWS@Tex 08:05PM ET,CWS,
,,,,,,,,,,,RP,Pat Neshek (6694659),Pat Neshek,6694659,4000,Cle@Hou 08:10PM ET,Hou,
,,,,,,,,,,,RP,Carlos Villanueva (6694576),Carlos Villanueva,6694576,4000,SD@ChC 08:05PM ET,SD,
,,,,,,,,,,,SP,Josh Johnson (6694288),Josh Johnson,6694288,4000,SD@ChC 08:05PM ET,SD,
,,,,,,,,,,,RP,Joakim Soria (6694504),Joakim Soria,6694504,4000,KC@NYY 07:05PM ET,KC,
,,,,,,,,,,,RP,Tom Wilhelmsen (6694722),Tom Wilhelmsen,6694722,4000,CWS@Tex 08:05PM ET,Tex,
,,,,,,,,,,,RP,Dana Eveland (6694680),Dana Eveland,6694680,4000,TB@Sea 10:10PM ET,TB,
,,,,,,,,,,,RP,Matt Belisle (6694638),Matt Belisle,6694638,4000,Det@Was 07:05PM ET,Was,
,,,,,,,,,,,RP,Sean Marshall (6694597),Sean Marshall,6694597,4000,Pit@Cin 07:10PM ET,Cin,
,,,,,,,,,,,RP,Jason Motte (6694738),Jason Motte,6694738,4000,Ari@Col 08:40PM ET,Col,
,,,,,,,,,,,RP,Jonathan Papelbon (6694639),Jonathan Papelbon,6694639,4000,Det@Was 07:05PM ET,Was,
,,,,,,,,,,,RP,Jim Henderson (6694761),Jim Henderson,6694761,4000,NYM@LAD 10:10PM ET,NYM,
,,,,,,,,,,,RP,Brad Ziegler (6694739),Brad Ziegler,6694739,4000,Ari@Col 08:40PM ET,Ari,
,,,,,,,,,,,SP,James McDonald (6694289),James McDonald,6694289,4000,SD@ChC 08:05PM ET,ChC,
,,,,,,,,,,,RP,Phil Coke (6694505),Phil Coke,6694505,4000,KC@NYY 07:05PM ET,NYY,
,,,,,,,,,,,RP,Matt Thornton (6694577),Matt Thornton,6694577,4000,SD@ChC 08:05PM ET,SD,
,,,,,,,,,,,SP,Chad Billingsley (6694245),Chad Billingsley,6694245,4000,Phi@Atl 07:10PM ET,Phi,
,,,,,,,,,,,RP,Darin Downs (6694660),Darin Downs,6694660,4000,Cle@Hou 08:10PM ET,Hou,
,,,,,,,,,,,RP,Eric O'Flaherty (6694528),Eric O'Flaherty,6694528,4000,Phi@Atl 07:10PM ET,Atl,
,,,,,,,,,,,RP,Tyler Clippard (6694740),Tyler Clippard,6694740,4000,Ari@Col 08:40PM ET,Ari,
,,,,,,,,,,,RP,Pedro Strop (6694578),Pedro Strop,6694578,4000,SD@ChC 08:05PM ET,ChC,
,,,,,,,,,,,SP,Felipe Paulino (6694205),Felipe Paulino,6694205,4000,Oak@Bos 07:10PM ET,Bos,
,,,,,,,,,,,RP,Yusmeiro Petit (6694640),Yusmeiro Petit,6694640,4000,Det@Was 07:05PM ET,Was,
,,,,,,,,,,,SP,Junior Guerra (6694267),Junior Guerra,6694267,4000,Mil@Mia 07:10PM ET,Mil,
,,,,,,,,,,,RP,Boone Logan (6694741),Boone Logan,6694741,4000,Ari@Col 08:40PM ET,Col,
,,,,,,,,,,,RP,Alexi Ogando (6694529),Alexi Ogando,6694529,4000,Phi@Atl 07:10PM ET,Atl,
,,,,,,,,,,,RP,Aaron Laffey (6694641),Aaron Laffey,6694641,4000,Det@Was 07:05PM ET,Was,
,,,,,,,,,,,RP,Fernando Rodriguez (6694483),Fernando Rodriguez,6694483,4000,Oak@Bos 07:10PM ET,Oak,
,,,,,,,,,,,OF,Ian Desmond (6695322),Ian Desmond,6695322,4000,CWS@Tex 08:05PM ET,Tex,
,,,,,,,,,,,RP,Jake McGee (6694742),Jake McGee,6694742,4000,Ari@Col 08:40PM ET,Col,
,,,,,,,,,,,RP,Carlos Torres (6694554),Carlos Torres,6694554,4000,Mil@Mia 07:10PM ET,Mil,
,,,,,,,,,,,RP,Jerry Blevins (6694762),Jerry Blevins,6694762,4000,NYM@LAD 10:10PM ET,NYM,
,,,,,,,,,,,RP,Brandon Kintzler (6694617),Brandon Kintzler,6694617,4000,Bal@Min 08:10PM ET,Min,
,,,,,,,,,,,RP,Ryan Webb (6694681),Ryan Webb,6694681,4000,TB@Sea 10:10PM ET,TB,
,,,,,,,,,,,RP,Mark Lowe (6694642),Mark Lowe,6694642,4000,Det@Was 07:05PM ET,Det,
,,,,,,,,,,,RP,Glen Perkins (6694618),Glen Perkins,6694618,4000,Bal@Min 08:10PM ET,Min,
,,,,,,,,,,,RP,Wade Davis (6694506),Wade Davis,6694506,4000,KC@NYY 07:05PM ET,KC,
,,,,,,,,,,,RP,Javy Guerra (6694700),Javy Guerra,6694700,4000,StL@LAA 10:05PM ET,LAA,
,,,,,,,,,,,RP,Franklin Morales (6694786),Franklin Morales,6694786,4000,Tor@SF 10:15PM ET,Tor,
,,,,,,,,,,,RP,J.P. Howell (6694763),J.P. Howell,6694763,4000,NYM@LAD 10:10PM ET,LAD,
,,,,,,,,,,,RP,Jonny Venters (6694530),Jonny Venters,6694530,4000,Phi@Atl 07:10PM ET,Atl,
,,,,,,,,,,,RP,Samuel Deduno (6694619),Samuel Deduno,6694619,4000,Bal@Min 08:10PM ET,Bal,
,,,,,,,,,,,RP,Ross Ohlendorf (6694598),Ross Ohlendorf,6694598,4000,Pit@Cin 07:10PM ET,Cin,
,,,,,,,,,,,RP,Huston Street (6694701),Huston Street,6694701,4000,StL@LAA 10:05PM ET,LAA,
,,,,,,,,,,,RP,Tony Sipp (6694661),Tony Sipp,6694661,4000,Cle@Hou 08:10PM ET,Hou,
,,,,,,,,,,,RP,Steve Delabar (6694599),Steve Delabar,6694599,4000,Pit@Cin 07:10PM ET,Cin,
,,,,,,,,,,,RP,Xavier Cedeno (6694682),Xavier Cedeno,6694682,4000,TB@Sea 10:10PM ET,TB,
,,,,,,,,,,,RP,Mike Dunn (6694555),Mike Dunn,6694555,4000,Mil@Mia 07:10PM ET,Mia,
,,,,,,,,,,,SP,Cesar Ramos (6694413),Cesar Ramos,6694413,4000,CWS@Tex 08:05PM ET,Tex,
,,,,,,,,,,,RP,Travis Wood (6694579),Travis Wood,6694579,4000,SD@ChC 08:05PM ET,ChC,
,,,,,,,,,,,RP,Michael Kirkman (6694556),Michael Kirkman,6694556,4000,Mil@Mia 07:10PM ET,Mil,
,,,,,,,,,,,RP,Clayton Richard (6694580),Clayton Richard,6694580,4000,SD@ChC 08:05PM ET,ChC,
,,,,,,,,,,,RP,Josh Outman (6694531),Josh Outman,6694531,4000,Phi@Atl 07:10PM ET,Atl,
,,,,,,,,,,,RP,Craig Stammen (6694662),Craig Stammen,6694662,4000,Cle@Hou 08:10PM ET,Cle,
,,,,,,,,,,,SP,Steve Johnson (6694372),Steve Johnson,6694372,4000,TB@Sea 10:10PM ET,Sea,
,,,,,,,,,,,RP,Sergio Romo (6694787),Sergio Romo,6694787,4000,Tor@SF 10:15PM ET,SF,
,,,,,,,,,,,RP,David Hernandez (6694532),David Hernandez,6694532,4000,Phi@Atl 07:10PM ET,Phi,
,,,,,,,,,,,RP,Kenley Jansen (6694764),Kenley Jansen,6694764,4000,NYM@LAD 10:10PM ET,LAD,
,,,,,,,,,,,1B,Carlos Santana (6694920),Carlos Santana,6694920,4000,Cle@Hou 08:10PM ET,Cle,
,,,,,,,,,,,RP,Trevor Bell (6694600),Trevor Bell,6694600,4000,Pit@Cin 07:10PM ET,Cin,
,,,,,,,,,,,RP,Anthony Varvaro (6694484),Anthony Varvaro,6694484,4000,Oak@Bos 07:10PM ET,Bos,
,,,,,,,,,,,RP,Seung Hwan Oh (6694702),Seung Hwan Oh,6694702,4000,StL@LAA 10:05PM ET,StL,
,,,,,,,,,,,RP,Luke Hochevar (6694507),Luke Hochevar,6694507,4000,KC@NYY 07:05PM ET,KC,
,,,,,,,,,,,3B,Evan Longoria (6695066),Evan Longoria,6695066,4000,TB@Sea 10:10PM ET,TB,
,,,,,,,,,,,RP,Andrew Miller (6694508),Andrew Miller,6694508,4000,KC@NYY 07:05PM ET,NYY,
,,,,,,,,,,,SP,Tim Lincecum (6694475),Tim Lincecum,6694475,4000,Tor@SF 10:15PM ET,SF,
,,,,,,,,,,,RP,Jeremy Jeffress (6694557),Jeremy Jeffress,6694557,4000,Mil@Mia 07:10PM ET,Mil,
,,,,,,,,,,,RP,Ryan Buchter (6694581),Ryan Buchter,6694581,4000,SD@ChC 08:05PM ET,SD,
,,,,,,,,,,,RP,Darren O'Day (6694620),Darren O'Day,6694620,4000,Bal@Min 08:10PM ET,Bal,
,,,,,,,,,,,RP,Bryan Morris (6694558),Bryan Morris,6694558,4000,Mil@Mia 07:10PM ET,Mia,
,,,,,,,,,,,RP,Adam Ottavino (6694743),Adam Ottavino,6694743,4000,Ari@Col 08:40PM ET,Col,
,,,,,,,,,,,SP,Cory Rasmus (6694394),Cory Rasmus,6694394,4000,StL@LAA 10:05PM ET,LAA,
,,,,,,,,,,,RP,Joba Chamberlain (6694663),Joba Chamberlain,6694663,4000,Cle@Hou 08:10PM ET,Cle,
,,,,,,,,,,,RP,Wade LeBlanc (6694703),Wade LeBlanc,6694703,4000,StL@LAA 10:05PM ET,LAA,
,,,,,,,,,,,RP,Trevor Cahill (6694582),Trevor Cahill,6694582,4000,SD@ChC 08:05PM ET,ChC,
,,,,,,,,,,,RP,Blake Wood (6694601),Blake Wood,6694601,4000,Pit@Cin 07:10PM ET,Cin,
,,,,,,,,,,,RP,Zach Britton (6694621),Zach Britton,6694621,4000,Bal@Min 08:10PM ET,Bal,
,,,,,,,,,,,RP,Joe Smith (6694704),Joe Smith,6694704,4000,StL@LAA 10:05PM ET,LAA,
,,,,,,,,,,,RP,Zach McAllister (6694664),Zach McAllister,6694664,4000,Cle@Hou 08:10PM ET,Cle,
,,,,,,,,,,,RP,Jared Hughes (6694602),Jared Hughes,6694602,4000,Pit@Cin 07:10PM ET,Pit,
,,,,,,,,,,,RP,Nate Adcock (6694622),Nate Adcock,6694622,4000,Bal@Min 08:10PM ET,Bal,
,,,,,,,,,,,RP,Josh Ravin (6694765),Josh Ravin,6694765,4000,NYM@LAD 10:10PM ET,LAD,
,,,,,,,,,,,RP,Chris Hatcher (6694766),Chris Hatcher,6694766,4000,NYM@LAD 10:10PM ET,LAD,
,,,,,,,,,,,RP,George Kontos (6694788),George Kontos,6694788,4000,Tor@SF 10:15PM ET,SF,
,,,,,,,,,,,RP,Andrew Bailey (6694533),Andrew Bailey,6694533,4000,Phi@Atl 07:10PM ET,Phi,
,,,,,,,,,,,RP,Dellin Betances (6694509),Dellin Betances,6694509,4000,KC@NYY 07:05PM ET,NYY,
,,,,,,,,,,,RP,Will Harris (6694665),Will Harris,6694665,4000,Cle@Hou 08:10PM ET,Hou,
,,,,,,,,,,,RP,Mark Melancon (6694603),Mark Melancon,6694603,4000,Pit@Cin 07:10PM ET,Pit,
,,,,,,,,,,,RP,Tony Barnette (6694723),Tony Barnette,6694723,4000,CWS@Tex 08:05PM ET,Tex,
,,,,,,,,,,,RP,Jordan Walden (6694705),Jordan Walden,6694705,4000,StL@LAA 10:05PM ET,StL,
,,,,,,,,,,,RP,David Carpenter (6694683),David Carpenter,6694683,4000,TB@Sea 10:10PM ET,TB,
,,,,,,,,,,,RP,Tony Watson (6694604),Tony Watson,6694604,4000,Pit@Cin 07:10PM ET,Pit,
,,,,,,,,,,,RP,Jeff Manship (6694666),Jeff Manship,6694666,4000,Cle@Hou 08:10PM ET,Cle,
,,,,,,,,,,,RP,Jon Edwards (6694583),Jon Edwards,6694583,4000,SD@ChC 08:05PM ET,SD,
,,,,,,,,,,,RP,Casey Fien (6694767),Casey Fien,6694767,4000,NYM@LAD 10:10PM ET,LAD,
,,,,,,,,,,,RP,Blake Parker (6694584),Blake Parker,6694584,4000,SD@ChC 08:05PM ET,ChC,
,,,,,,,,,,,RP,Scott Carroll (6694724),Scott Carroll,6694724,4000,CWS@Tex 08:05PM ET,CWS,
,,,,,,,,,,,RP,David Robertson (6694725),David Robertson,6694725,4000,CWS@Tex 08:05PM ET,CWS,
,,,,,,,,,,,RP,Sam Dyson (6694726),Sam Dyson,6694726,4000,CWS@Tex 08:05PM ET,Tex,
,,,,,,,,,,,RP,Brad Boxberger (6694684),Brad Boxberger,6694684,4000,TB@Sea 10:10PM ET,TB,
,,,,,,,,,,,RP,Cory Luebke (6694605),Cory Luebke,6694605,4000,Pit@Cin 07:10PM ET,Pit,
,,,,,,,,,,,RP,Preston Claiborne (6694559),Preston Claiborne,6694559,4000,Mil@Mia 07:10PM ET,Mia,
,,,,,,,,,,,RP,Luke Gregerson (6694667),Luke Gregerson,6694667,4000,Cle@Hou 08:10PM ET,Hou,
,,,,,,,,,,,RP,Drew Hayes (6694606),Drew Hayes,6694606,4000,Pit@Cin 07:10PM ET,Cin,
,,,,,,,,,,,OF,Khris Davis (6695191),Khris Davis,6695191,4000,Oak@Bos 07:10PM ET,Oak,
,,,,,,,,,,,RP,Neftali Feliz (6694607),Neftali Feliz,6694607,4000,Pit@Cin 07:10PM ET,Pit,
,,,,,,,,,,,RP,Hector Rondon (6694585),Hector Rondon,6694585,4000,SD@ChC 08:05PM ET,ChC,
,,,,,,,,,,,RP,Antonio Bastardo (6694768),Antonio Bastardo,6694768,4000,NYM@LAD 10:10PM ET,NYM,
,,,,,,,,,,,RP,Jeanmar Gomez (6694534),Jeanmar Gomez,6694534,4000,Phi@Atl 07:10PM ET,Phi,
,,,,,,,,,,,OF,David Peralta (6695336),David Peralta,6695336,4000,Ari@Col 08:40PM ET,Ari,
,,,,,,,,,,,RP,Fernando Salas (6694706),Fernando Salas,6694706,4000,StL@LAA 10:05PM ET,LAA,
,,,,,,,,,,,RP,John Axford (6694485),John Axford,6694485,4000,Oak@Bos 07:10PM ET,Oak,
,,,,,,,,,,,OF,Jason Heyward (6695238),Jason Heyward,6695238,4000,SD@ChC 08:05PM ET,ChC,
,,,,,,,,,,,RP,Dan Otero (6694669),Dan Otero,6694669,4000,Cle@Hou 08:10PM ET,Cle,
,,,,,,,,,,,RP,Brett Cecil (6694789),Brett Cecil,6694789,4000,Tor@SF 10:15PM ET,Tor,
,,,,,,,,,,,RP,Nick Hagadone (6694560),Nick Hagadone,6694560,4000,Mil@Mia 07:10PM ET,Mil,
,,,,,,,,,,,RP,Nate Jones (6694727),Nate Jones,6694727,4000,CWS@Tex 08:05PM ET,CWS,
,,,,,,,,,,,RP,Shawn Kelley (6694643),Shawn Kelley,6694643,4000,Det@Was 07:05PM ET,Was,
,,,,,,,,,,,RP,Marc Rzepczynski (6694486),Marc Rzepczynski,6694486,4000,Oak@Bos 07:10PM ET,Oak,
,,,,,,,,,,,RP,Tommy Hunter (6694670),Tommy Hunter,6694670,4000,Cle@Hou 08:10PM ET,Cle,
,,,,,,,,,,,RP,Steve Cishek (6694685),Steve Cishek,6694685,4000,TB@Sea 10:10PM ET,Sea,
,,,,,,,,,,,RP,Josh Fields (6694671),Josh Fields,6694671,4000,Cle@Hou 08:10PM ET,Hou,
,,,,,,,,,,,1B,Lucas Duda (6694937),Lucas Duda,6694937,4000,NYM@LAD 10:10PM ET,NYM,
,,,,,,,,,,,RP,Greg Holland (6694511),Greg Holland,6694511,4000,KC@NYY 07:05PM ET,KC,
,,,,,,,,,,,RP,Sean Doolittle (6694487),Sean Doolittle,6694487,4000,Oak@Bos 07:10PM ET,Oak,
,,,,,,,,,,,RP,Neil Ramirez (6694586),Neil Ramirez,6694586,4000,SD@ChC 08:05PM ET,ChC,
,,,,,,,,,,,RP,Ryan Pressly (6694623),Ryan Pressly,6694623,4000,Bal@Min 08:10PM ET,Min,
,,,,,,,,,,,RP,Ryan Brasier (6694488),Ryan Brasier,6694488,4000,Oak@Bos 07:10PM ET,Oak,
,,,,,,,,,,,RP,Cory Gearrin (6694790),Cory Gearrin,6694790,4000,Tor@SF 10:15PM ET,SF,
,,,,,,,,,,,RP,Charlie Furbush (6694686),Charlie Furbush,6694686,4000,TB@Sea 10:10PM ET,Sea,
,,,,,,,,,,,RP,Michael Blazek (6694561),Michael Blazek,6694561,4000,Mil@Mia 07:10PM ET,Mil,
,,,,,,,,,,,SP,Anthony Ranaudo (6694417),Anthony Ranaudo,6694417,4000,CWS@Tex 08:05PM ET,Tex,
,,,,,,,,,,,RP,Justin Grimm (6694587),Justin Grimm,6694587,4000,SD@ChC 08:05PM ET,ChC,
,,,,,,,,,,,SP,Josh Collmenter (6694431),Josh Collmenter,6694431,4000,Ari@Col 08:40PM ET,Ari,
,,,,,,,,,,,RP,Sammy Solis (6694644),Sammy Solis,6694644,4000,Det@Was 07:05PM ET,Was,
,,,,,,,,,,,RP,Hunter Strickland (6694791),Hunter Strickland,6694791,4000,Tor@SF 10:15PM ET,SF,
,,,,,,,,,,,RP,Pedro Baez (6694769),Pedro Baez,6694769,4000,NYM@LAD 10:10PM ET,LAD,
,,,,,,,,,,,RP,Mitch Harris (6694707),Mitch Harris,6694707,4000,StL@LAA 10:05PM ET,StL,
,,,,,,,,,,,RP,Tommy Layne (6694489),Tommy Layne,6694489,4000,Oak@Bos 07:10PM ET,Bos,
,,,,,,,,,,,RP,Evan Scribner (6694687),Evan Scribner,6694687,4000,TB@Sea 10:10PM ET,Sea,
,,,,,,,,,,,SP,Nick Tepesch (6694419),Nick Tepesch,6694419,4000,CWS@Tex 08:05PM ET,Tex,
,,,,,,,,,,,RP,Jake Diekman (6694728),Jake Diekman,6694728,4000,CWS@Tex 08:05PM ET,Tex,
,,,,,,,,,,,RP,Fernando Abad (6694624),Fernando Abad,6694624,4000,Bal@Min 08:10PM ET,Min,
,,,,,,,,,,,RP,J.C. Ramirez (6694608),J.C. Ramirez,6694608,4000,Pit@Cin 07:10PM ET,Cin,
,,,,,,,,,,,RP,Liam Hendriks (6694490),Liam Hendriks,6694490,4000,Oak@Bos 07:10PM ET,Oak,
,,,,,,,,,,,RP,Jose Alvarez (6694708),Jose Alvarez,6694708,4000,StL@LAA 10:05PM ET,LAA,
,,,,,,,,,,,RP,Tim Collins (6694513),Tim Collins,6694513,4000,KC@NYY 07:05PM ET,KC,
,,,,,,,,,,,SP,Scott Diamond (6694334),Scott Diamond,6694334,4000,Bal@Min 08:10PM ET,Min,
,,,,,,,,,,,1B,Eric Hosmer (6694899),Eric Hosmer,6694899,4000,KC@NYY 07:05PM ET,KC,
,,,,,,,,,,,RP,Brian Matusz (6694625),Brian Matusz,6694625,4000,Bal@Min 08:10PM ET,Bal,
,,,,,,,,,,,RP,Aaron Crow (6694588),Aaron Crow,6694588,4000,SD@ChC 08:05PM ET,ChC,
,,,,,,,,,,,SP,Lance Lynn (6694397),Lance Lynn,6694397,4000,StL@LAA 10:05PM ET,StL,
,,,,,,,,,,,RP,Kyle Lobstein (6694609),Kyle Lobstein,6694609,4000,Pit@Cin 07:10PM ET,Pit,
,,,,,,,,,,,RP,Tanner Scheppers (6694729),Tanner Scheppers,6694729,4000,CWS@Tex 08:05PM ET,Tex,
,,,,,,,,,,,RP,Brad Hand (6694589),Brad Hand,6694589,4000,SD@ChC 08:05PM ET,SD,
,,,,,,,,,,,RP,Robbie Ross Jr. (6694491),Robbie Ross Jr.,6694491,4000,Oak@Bos 07:10PM ET,Bos,
,,,,,,,,,,,RP,Craig Kimbrel (6694492),Craig Kimbrel,6694492,4000,Oak@Bos 07:10PM ET,Bos,
,,,,,,,,,,,SP,Jonathan Pettibone (6694295),Jonathan Pettibone,6694295,4000,SD@ChC 08:05PM ET,ChC,
,,,,,,,,,,,RP,Trevor May (6694626),Trevor May,6694626,4000,Bal@Min 08:10PM ET,Min,
,,,,,,,,,,,RP,Justin Wilson (6694646),Justin Wilson,6694646,4000,Det@Was 07:05PM ET,Det,
,,,,,,,,,,,RP,Justin Miller (6694744),Justin Miller,6694744,4000,Ari@Col 08:40PM ET,Col,
,,,,,,,,,,,RP,Daniel Hudson (6694745),Daniel Hudson,6694745,4000,Ari@Col 08:40PM ET,Ari,
,,,,,,,,,,,RP,Zach Putnam (6694730),Zach Putnam,6694730,4000,CWS@Tex 08:05PM ET,CWS,
,,,,,,,,,,,RP,Nick Vincent (6694689),Nick Vincent,6694689,4000,TB@Sea 10:10PM ET,Sea,
,,,,,,,,,,,RP,Ryan Cook (6694690),Ryan Cook,6694690,4000,TB@Sea 10:10PM ET,Sea,
,,,,,,,,,,,RP,Michael Kohn (6694536),Michael Kohn,6694536,4000,Phi@Atl 07:10PM ET,Atl,
,,,,,,,,,,,2B,Josh Harrison (6694980),Josh Harrison,6694980,4000,Pit@Cin 07:10PM ET,Pit,
,,,,,,,,,,,RP,Jeff Beliveau (6694627),Jeff Beliveau,6694627,4000,Bal@Min 08:10PM ET,Bal,
,,,,,,,,,,,RP,Will Smith (6694562),Will Smith,6694562,4000,Mil@Mia 07:10PM ET,Mil,
,,,,,,,,,,,RP,Dan Jennings (6694731),Dan Jennings,6694731,4000,CWS@Tex 08:05PM ET,CWS,
,,,,,,,,,,,RP,Thad Weber (6694792),Thad Weber,6694792,4000,Tor@SF 10:15PM ET,Tor,
,,,,,,,,,,,RP,Blaine Hardy (6694647),Blaine Hardy,6694647,4000,Det@Was 07:05PM ET,Det,
,,,,,,,,,,,RP,Daniel Webb (6694732),Daniel Webb,6694732,4000,CWS@Tex 08:05PM ET,CWS,
,,,,,,,,,,,RP,Brad Brach (6694628),Brad Brach,6694628,4000,Bal@Min 08:10PM ET,Bal,
,,,,,,,,,,,SP,Brian Flynn (6694237),Brian Flynn,6694237,4000,KC@NYY 07:05PM ET,KC,
,,,,,,,,,,,RP,Aaron Barrett (6694648),Aaron Barrett,6694648,4000,Det@Was 07:05PM ET,Was,
,,,,,,,,,,,SP,Alex Meyer (6694337),Alex Meyer,6694337,4000,Bal@Min 08:10PM ET,Min,
,,,,,,,,,,,RP,Brandon Maurer (6694590),Brandon Maurer,6694590,4000,SD@ChC 08:05PM ET,SD,
,,,,,,,,,,,RP,Hunter Cervenka (6694538),Hunter Cervenka,6694538,4000,Phi@Atl 07:10PM ET,Atl,
,,,,,,,,,,,RP,Michael Tonkin (6694629),Michael Tonkin,6694629,4000,Bal@Min 08:10PM ET,Min,
,,,,,,,,,,,RP,Randall Delgado (6694746),Randall Delgado,6694746,4000,Ari@Col 08:40PM ET,Ari,
,,,,,,,,,,,RP,Kelvin Herrera (6694514),Kelvin Herrera,6694514,4000,KC@NYY 07:05PM ET,KC,
,,,,,,,,,,,RP,Jenrry Mejia (6694770),Jenrry Mejia,6694770,4000,NYM@LAD 10:10PM ET,NYM,
,,,,,,,,,,,RP,Albert Suarez (6694793),Albert Suarez,6694793,4000,Tor@SF 10:15PM ET,SF,
,,,,,,,,,,,RP,Bryan Shaw (6694672),Bryan Shaw,6694672,4000,Cle@Hou 08:10PM ET,Cle,
,,,,,,,,,,,RP,Arodys Vizcaino (6694539),Arodys Vizcaino,6694539,4000,Phi@Atl 07:10PM ET,Atl,
,,,,,,,,,,,RP,Jeurys Familia (6694771),Jeurys Familia,6694771,4000,NYM@LAD 10:10PM ET,NYM,
,,,,,,,,,,,SP,Alex Colome (6694380),Alex Colome,6694380,4000,TB@Sea 10:10PM ET,TB,
,,,,,,,,,,,RP,Arquimedes Caminero (6694610),Arquimedes Caminero,6694610,4000,Pit@Cin 07:10PM ET,Pit,
,,,,,,,,,,,RP,Kevin Siegrist (6694709),Kevin Siegrist,6694709,4000,StL@LAA 10:05PM ET,StL,
,,,,,,,,,,,RP,Steve Geltz (6694691),Steve Geltz,6694691,4000,TB@Sea 10:10PM ET,TB,
,,,,,,,,,,,RP,Bo Schultz (6694794),Bo Schultz,6694794,4000,Tor@SF 10:15PM ET,Tor,
,,,,,,,,,,,SP,Matt Magill (6694314),Matt Magill,6694314,4000,Pit@Cin 07:10PM ET,Cin,
,,,,,,,,,,,RP,Oliver Drake (6694630),Oliver Drake,6694630,4000,Bal@Min 08:10PM ET,Bal,
,,,,,,,,,,,RP,Koji Uehara (6694493),Koji Uehara,6694493,4000,Oak@Bos 07:10PM ET,Bos,
,,,,,,,,,,,RP,Junichi Tazawa (6694494),Junichi Tazawa,6694494,4000,Oak@Bos 07:10PM ET,Bos,
,,,,,,,,,,,RP,Drew Storen (6694795),Drew Storen,6694795,4000,Tor@SF 10:15PM ET,Tor,
,,,,,,,,,,,RP,Matt Purke (6694649),Matt Purke,6694649,4000,Det@Was 07:05PM ET,Was,
,,,,,,,,,,,RP,Mychal Givens (6694631),Mychal Givens,6694631,4000,Bal@Min 08:10PM ET,Bal,
,,,,,,,,,,,RP,Alex Wilson (6694650),Alex Wilson,6694650,4000,Det@Was 07:05PM ET,Det,
,,,,,,,,,,,RP,Jake Barrett (6694747),Jake Barrett,6694747,4000,Ari@Col 08:40PM ET,Ari,
,,,,,,,,,,,RP,Adam Warren (6694591),Adam Warren,6694591,4000,SD@ChC 08:05PM ET,ChC,
,,,,,,,,,,,RP,Louis Coleman (6694772),Louis Coleman,6694772,4000,NYM@LAD 10:10PM ET,LAD,
,,,,,,,,,,,RP,Caleb Cotham (6694611),Caleb Cotham,6694611,4000,Pit@Cin 07:10PM ET,Cin,
,,,,,,,,,,,RP,Brian Moran (6694692),Brian Moran,6694692,4000,TB@Sea 10:10PM ET,Sea,
,,,,,,,,,,,SP,Miles Mikolas (6694421),Miles Mikolas,6694421,4000,CWS@Tex 08:05PM ET,Tex,
,,,,,,,,,,,RP,Buddy Baumann (6694592),Buddy Baumann,6694592,4000,SD@ChC 08:05PM ET,SD,
,,,,,,,,,,,RP,Aaron Loup (6694796),Aaron Loup,6694796,4000,Tor@SF 10:15PM ET,Tor,
,,,,,,,,,,,2B,Brian Dozier (6694983),Brian Dozier,6694983,4000,Bal@Min 08:10PM ET,Min,
,,,,,,,,,,,RP,Adam Wilk (6694693),Adam Wilk,6694693,4000,TB@Sea 10:10PM ET,TB,
,,,,,,,,,,,SP,Mark Appel (6694252),Mark Appel,6694252,4000,Phi@Atl 07:10PM ET,Phi,
,,,,,,,,,,,SP,Pierce Johnson (6694297),Pierce Johnson,6694297,4000,SD@ChC 08:05PM ET,ChC,
,,,,,,,,,,,RP,Bryan Mitchell (6694515),Bryan Mitchell,6694515,4000,KC@NYY 07:05PM ET,NYY,
,,,,,,,,,,,RP,A.J. Ramos (6694564),A.J. Ramos,6694564,4000,Mil@Mia 07:10PM ET,Mia,
,,,,,,,,,,,RP,Trevor Rosenthal (6694711),Trevor Rosenthal,6694711,4000,StL@LAA 10:05PM ET,StL,
,,,,,,,,,,,RP,Zack Jones (6694565),Zack Jones,6694565,4000,Mil@Mia 07:10PM ET,Mil,
,,,,,,,,,,,SP,Dan Straily (6694315),Dan Straily,6694315,4000,Pit@Cin 07:10PM ET,Cin,
,,,,,,,,,,,RP,Keith Butler (6694712),Keith Butler,6694712,4000,StL@LAA 10:05PM ET,StL,
,,,,,,,,,,,RP,Mario Hollands (6694540),Mario Hollands,6694540,4000,Phi@Atl 07:10PM ET,Phi,
,,,,,,,,,,,RP,Derek Law (6694797),Derek Law,6694797,4000,Tor@SF 10:15PM ET,SF,
,,,,,,,,,,,RP,Pat Light (6694495),Pat Light,6694495,4000,Oak@Bos 07:10PM ET,Bos,
,,,,,,,,,,,RP,Diego Moreno (6694516),Diego Moreno,6694516,4000,KC@NYY 07:05PM ET,NYY,
,,,,,,,,,,,RP,Vidal Nuno (6694694),Vidal Nuno,6694694,4000,TB@Sea 10:10PM ET,Sea,
,,,,,,,,,,,RP,Jake Petricka (6694733),Jake Petricka,6694733,4000,CWS@Tex 08:05PM ET,CWS,
,,,,,,,,,,,SP,Eddie Butler (6694438),Eddie Butler,6694438,4000,Ari@Col 08:40PM ET,Col,
,,,,,,,,,,,RP,Mike Morin (6694713),Mike Morin,6694713,4000,StL@LAA 10:05PM ET,LAA,
,,,,,,,,,,,RP,Ken Giles (6694673),Ken Giles,6694673,4000,Cle@Hou 08:10PM ET,Hou,
,,,,,,,,,,,RP,Buck Farmer (6694651),Buck Farmer,6694651,4000,Det@Was 07:05PM ET,Det,
,,,,,,,,,,,RP,Paco Rodriguez (6694541),Paco Rodriguez,6694541,4000,Phi@Atl 07:10PM ET,Atl,
,,,,,,,,,,,RP,Josh Edgin (6694773),Josh Edgin,6694773,4000,NYM@LAD 10:10PM ET,NYM,
,,,,,,,,,,,RP,Jose Cisnero (6694612),Jose Cisnero,6694612,4000,Pit@Cin 07:10PM ET,Cin,
,,,,,,,,,,,RP,Enny Romero (6694695),Enny Romero,6694695,4000,TB@Sea 10:10PM ET,TB,
,,,,,,,,,,,RP,Mayckol Guaipe (6694696),Mayckol Guaipe,6694696,4000,TB@Sea 10:10PM ET,Sea,
,,,,,,,,,,,RP,Yhonathan Barrios (6694566),Yhonathan Barrios,6694566,4000,Mil@Mia 07:10PM ET,Mil,
,,,,,,,,,,,RP,Felipe Rivero (6694652),Felipe Rivero,6694652,4000,Det@Was 07:05PM ET,Was,
,,,,,,,,,,,RP,Kirby Yates (6694517),Kirby Yates,6694517,4000,KC@NYY 07:05PM ET,NYY,
,,,,,,,,,,,RP,Jairo Diaz (6694748),Jairo Diaz,6694748,4000,Ari@Col 08:40PM ET,Col,
,,,,,,,,,,,RP,Jose Valdez (6694653),Jose Valdez,6694653,4000,Det@Was 07:05PM ET,Det,
,,,,,,,,,,,RP,Gonzalez Germen (6694749),Gonzalez Germen,6694749,4000,Ari@Col 08:40PM ET,Col,
,,,,,,,,,,,RP,Hansel Robles (6694774),Hansel Robles,6694774,4000,NYM@LAD 10:10PM ET,NYM,
,,,,,,,,,,,RP,Yimi Garcia (6694775),Yimi Garcia,6694775,4000,NYM@LAD 10:10PM ET,LAD,
,,,,,,,,,,,RP,Lisalverto Bonilla (6694776),Lisalverto Bonilla,6694776,4000,NYM@LAD 10:10PM ET,LAD,
,,,,,,,,,,,RP,Aroldis Chapman (6694518),Aroldis Chapman,6694518,4000,KC@NYY 07:05PM ET,NYY,
,,,,,,,,,,,RP,Seth Maness (6694714),Seth Maness,6694714,4000,StL@LAA 10:05PM ET,StL,
,,,,,,,,,,,RP,Scott Oberg (6694750),Scott Oberg,6694750,4000,Ari@Col 08:40PM ET,Col,
,,,,,,,,,,,RP,Matt Barnes (6694496),Matt Barnes,6694496,4000,Oak@Bos 07:10PM ET,Bos,
,,,,,,,,,,,RP,David Goforth (6694568),David Goforth,6694568,4000,Mil@Mia 07:10PM ET,Mil,
,,,,,,,,,,,RP,Tyler Thornburg (6694569),Tyler Thornburg,6694569,4000,Mil@Mia 07:10PM ET,Mil,
,,,,,,,,,,,RP,Shawn Tolleson (6694734),Shawn Tolleson,6694734,4000,CWS@Tex 08:05PM ET,Tex,
,,,,,,,,,,,SP,Brandon Cumpton (6694316),Brandon Cumpton,6694316,4000,Pit@Cin 07:10PM ET,Pit,
,,,,,,,,,,,RP,A.J. Schugel (6694613),A.J. Schugel,6694613,4000,Pit@Cin 07:10PM ET,Pit,
,,,,,,,,,,,RP,Cam Bedrosian (6694715),Cam Bedrosian,6694715,4000,StL@LAA 10:05PM ET,LAA,
,,,,,,,,,,,SP,Jesse Biddle (6694256),Jesse Biddle,6694256,4000,Phi@Atl 07:10PM ET,Atl,
,,,,,,,,,,,RP,Addison Reed (6694778),Addison Reed,6694778,4000,NYM@LAD 10:10PM ET,NYM,
,,,,,,,,,,,RP,Pat Dean (6694632),Pat Dean,6694632,4000,Bal@Min 08:10PM ET,Min,
,,,,,,,,,,,RP,Johnny Barbato (6694519),Johnny Barbato,6694519,4000,KC@NYY 07:05PM ET,NYY,
,,,,,,,,,,,RP,Josh Osich (6694798),Josh Osich,6694798,4000,Tor@SF 10:15PM ET,SF,
,,,,,,,,,,,RP,Michael Mariot (6694542),Michael Mariot,6694542,4000,Phi@Atl 07:10PM ET,Phi,
,,,,,,,,,,,RP,Heath Hembree (6694497),Heath Hembree,6694497,4000,Oak@Bos 07:10PM ET,Bos,
,,,,,,,,,,,SP,Domingo German (6694240),Domingo German,6694240,4000,KC@NYY 07:05PM ET,NYY,
,,,,,,,,,,,RP,Chasen Shreve (6694520),Chasen Shreve,6694520,4000,KC@NYY 07:05PM ET,NYY,
,,,,,,,,,,,RP,Kyle Ryan (6694655),Kyle Ryan,6694655,4000,Det@Was 07:05PM ET,Det,
,,,,,,,,,,,RP,Cody Allen (6694674),Cody Allen,6694674,4000,Cle@Hou 08:10PM ET,Cle,
,,,,,,,,,,,RP,Adam Liberatore (6694780),Adam Liberatore,6694780,4000,NYM@LAD 10:10PM ET,LAD,
,,,,,,,,,,,RP,Blake Treinen (6694656),Blake Treinen,6694656,4000,Det@Was 07:05PM ET,Was,
,,,,,,,,,,,RP,Casey Sadler (6694614),Casey Sadler,6694614,4000,Pit@Cin 07:10PM ET,Pit,
,,,,,,,,,,,SP,Dillon Overton (6694221),Dillon Overton,6694221,4000,Oak@Bos 07:10PM ET,Oak,
,,,,,,,,,,,RP,Alex Claudio (6694735),Alex Claudio,6694735,4000,CWS@Tex 08:05PM ET,Tex,
,,,,,,,,,,,RP,Keith Hessler (6694751),Keith Hessler,6694751,4000,Ari@Col 08:40PM ET,Ari,
,,,,,,,,,,,RP,Dan Winkler (6694543),Dan Winkler,6694543,4000,Phi@Atl 07:10PM ET,Atl,
,,,,,,,,,,,RP,A.J. Achter (6694716),A.J. Achter,6694716,4000,StL@LAA 10:05PM ET,LAA,
,,,,,,,,,,,RP,Hector Neris (6694544),Hector Neris,6694544,4000,Phi@Atl 07:10PM ET,Phi,
,,,,,,,,,,,RP,Frankie Montas (6694781),Frankie Montas,6694781,4000,NYM@LAD 10:10PM ET,LAD,
,,,,,,,,,,,RP,Nefi Ogando (6694570),Nefi Ogando,6694570,4000,Mil@Mia 07:10PM ET,Mia,
,,,,,,,,,,,RP,Michael Feliz (6694675),Michael Feliz,6694675,4000,Cle@Hou 08:10PM ET,Hou,
,,,,,,,,,,,RP,Jack Leathersich (6694593),Jack Leathersich,6694593,4000,SD@ChC 08:05PM ET,ChC,
,,,,,,,,,,,RP,Tony Zych (6694697),Tony Zych,6694697,4000,TB@Sea 10:10PM ET,Sea,
,,,,,,,,,,,RP,Andrew McKirahan (6694545),Andrew McKirahan,6694545,4000,Phi@Atl 07:10PM ET,Atl,
,,,,,,,,,,,RP,R.J. Alvarez (6694498),R.J. Alvarez,6694498,4000,Oak@Bos 07:10PM ET,Oak,
,,,,,,,,,,,SP,Tyler Anderson (6694443),Tyler Anderson,6694443,4000,Ari@Col 08:40PM ET,Col,
,,,,,,,,,,,RP,Drew VerHagen (6694657),Drew VerHagen,6694657,4000,Det@Was 07:05PM ET,Det,
,,,,,,,,,,,RP,Colton Murray (6694546),Colton Murray,6694546,4000,Phi@Atl 07:10PM ET,Phi,
,,,,,,,,,,,RP,Roberto Osuna (6694799),Roberto Osuna,6694799,4000,Tor@SF 10:15PM ET,Tor,
,,,,,,,,,,,RP,Luis Perdomo (6694594),Luis Perdomo,6694594,4000,SD@ChC 08:05PM ET,SD,
,,,,,,,,,,,RP,Miguel Almonte (6694521),Miguel Almonte,6694521,4000,KC@NYY 07:05PM ET,KC,
,,,,,,,,,,,SS,Francisco Lindor (6695142),Francisco Lindor,6695142,4000,Cle@Hou 08:10PM ET,Cle,
,,,,,,,,,,,RP,Andrew Chafin (6694752),Andrew Chafin,6694752,4000,Ari@Col 08:40PM ET,Ari,
,,,,,,,,,,,RP,Carter Capps (6694572),Carter Capps,6694572,4000,Mil@Mia 07:10PM ET,Mia,
,,,,,,,,,,,RP,Tony Cingrani (6694615),Tony Cingrani,6694615,4000,Pit@Cin 07:10PM ET,Cin,
,,,,,,,,,,,RP,Carson Smith (6694499),Carson Smith,6694499,4000,Oak@Bos 07:10PM ET,Bos,
,,,,,,,,,,,RP,Kevin Quackenbush (6694595),Kevin Quackenbush,6694595,4000,SD@ChC 08:05PM ET,SD,
,,,,,,,,,,,RP,Aaron Brooks (6694596),Aaron Brooks,6694596,4000,SD@ChC 08:05PM ET,ChC,
,,,,,,,,,,,RP,Branden Pinder (6694522),Branden Pinder,6694522,4000,KC@NYY 07:05PM ET,NYY,
,,,,,,,,,,,RP,Carlos Estevez (6694753),Carlos Estevez,6694753,4000,Ari@Col 08:40PM ET,Col,
,,,,,,,,,,,RP,Elvis Araujo (6694547),Elvis Araujo,6694547,4000,Phi@Atl 07:10PM ET,Phi,
,,,,,,,,,,,RP,Nick Goody (6694523),Nick Goody,6694523,4000,KC@NYY 07:05PM ET,NYY,
,,,,,,,,,,,RP,Joe Biagini (6694800),Joe Biagini,6694800,4000,Tor@SF 10:15PM ET,Tor,
,,,,,,,,,,,RP,Kyle Barraclough (6694573),Kyle Barraclough,6694573,4000,Mil@Mia 07:10PM ET,Mia,
,,,,,,,,,,,RP,Keone Kela (6694736),Keone Kela,6694736,4000,CWS@Tex 08:05PM ET,Tex,
,,,,,,,,,,,SP,Austin Voth (6694356),Austin Voth,6694356,4000,Det@Was 07:05PM ET,Was,
,,,,,,,,,,,SP,Kendall Graveman (6694225),Kendall Graveman,6694225,4000,Oak@Bos 07:10PM ET,Oak,
,,,,,,,,,,,SP,Antonio Senzatela (6694445),Antonio Senzatela,6694445,4000,Ari@Col 08:40PM ET,Col,
,,,,,,,,,,,SP,Zach Eflin (6694263),Zach Eflin,6694263,4000,Phi@Atl 07:10PM ET,Phi,
,,,,,,,,,,,SP,Lucas Sims (6694264),Lucas Sims,6694264,4000,Phi@Atl 07:10PM ET,Atl,
,,,,,,,,,,,SP,Jake Thompson (6694265),Jake Thompson,6694265,4000,Phi@Atl 07:10PM ET,Phi,
,,,,,,,,,,,RP,Daniel Stumpf (6694548),Daniel Stumpf,6694548,4000,Phi@Atl 07:10PM ET,Phi,
,,,,,,,,,,,RP,Matt Bowman (6694717),Matt Bowman,6694717,4000,StL@LAA 10:05PM ET,StL,
,,,,,,,,,,,RP,J.B. Wendelken (6694500),J.B. Wendelken,6694500,4000,Oak@Bos 07:10PM ET,Oak,
,,,,,,,,,,,SP,Carson Fulmer (6694427),Carson Fulmer,6694427,4000,CWS@Tex 08:05PM ET,CWS,
,,,,,,,,,,,SP,Josh Hader (6694283),Josh Hader,6694283,4000,Mil@Mia 07:10PM ET,Mil,
,,,,,,,,,,,RP,Shae Simmons (6694549),Shae Simmons,6694549,4000,Phi@Atl 07:10PM ET,Atl,
,,,,,,,,,,,RP,Ryan Dull (6694501),Ryan Dull,6694501,4000,Oak@Bos 07:10PM ET,Oak,
,,,,,,,,,,,RP,Miguel Castro (6694755),Miguel Castro,6694755,4000,Ari@Col 08:40PM ET,Col,
,,,,,,,,,,,RP,Kyle Crockett (6694676),Kyle Crockett,6694676,4000,Cle@Hou 08:10PM ET,Cle,
,,,,,,,,,,,RP,Nick Rumbelow (6694524),Nick Rumbelow,6694524,4000,KC@NYY 07:05PM ET,NYY,
,,,,,,,,,,,SP,Jeff Hoffman (6694446),Jeff Hoffman,6694446,4000,Ari@Col 08:40PM ET,Col,
,,,,,,,,,,,SP,Julio Urias (6694466),Julio Urias,6694466,4000,NYM@LAD 10:10PM ET,LAD,
,,,,,,,,,,,RP,Francis Martes (6694677),Francis Martes,6694677,4000,Cle@Hou 08:10PM ET,Hou,
,,,,,,,,,,,SP,Braden Shipley (6694447),Braden Shipley,6694447,4000,Ari@Col 08:40PM ET,Ari,
,,,,,,,,,,,SP,Hunter Harvey (6694344),Hunter Harvey,6694344,4000,Bal@Min 08:10PM ET,Bal,
,,,,,,,,,,,RP,Corey Knebel (6694574),Corey Knebel,6694574,4000,Mil@Mia 07:10PM ET,Mil,
,,,,,,,,,,,RP,Chad Girodo (6694801),Chad Girodo,6694801,4000,Tor@SF 10:15PM ET,Tor,
,,,,,,,,,,,SP,Chad Kuhl (6694326),Chad Kuhl,6694326,4000,Pit@Cin 07:10PM ET,Pit,
,,,,,,,,,,,SP,Nate Smith (6694407),Nate Smith,6694407,4000,StL@LAA 10:05PM ET,LAA,
,,,,,,,,,,,RP,Dalier Hinojosa (6694550),Dalier Hinojosa,6694550,4000,Phi@Atl 07:10PM ET,Phi,
,,,,,,,,,,,RP,Zac Curtis (6694756),Zac Curtis,6694756,4000,Ari@Col 08:40PM ET,Ari,
,,,,,,,,,,,RP,Greg Mahle (6694718),Greg Mahle,6694718,4000,StL@LAA 10:05PM ET,LAA,
,,,,,,,,,,,OF,Jayson Werth (6695272),Jayson Werth,6695272,3900,Det@Was 07:05PM ET,Was,
,,,,,,,,,,,OF,Nelson Cruz (6695300),Nelson Cruz,6695300,3900,TB@Sea 10:10PM ET,Sea,
,,,,,,,,,,,1B,John Jaso (6694910),John Jaso,6694910,3900,Pit@Cin 07:10PM ET,Pit,
,,,,,,,,,,,OF,Matt Kemp (6695234),Matt Kemp,6695234,3900,SD@ChC 08:05PM ET,SD,
,,,,,,,,,,,OF,Hunter Pence (6695357),Hunter Pence,6695357,3900,Tor@SF 10:15PM ET,SF,
,,,,,,,,,,,OF,Mark Trumbo (6695263),Mark Trumbo,6695263,3900,Bal@Min 08:10PM ET,Bal,
,,,,,,,,,,,1B,Chris Carter (6694903),Chris Carter,6694903,3900,Mil@Mia 07:10PM ET,Mil,
,,,,,,,,,,,3B,Anthony Rendon (6695062),Anthony Rendon,6695062,3900,Det@Was 07:05PM ET,Was,
,,,,,,,,,,,OF,Avisail Garcia (6695327),Avisail Garcia,6695327,3900,CWS@Tex 08:05PM ET,CWS,
,,,,,,,,,,,2B,DJ LeMahieu (6695001),DJ LeMahieu,6695001,3900,Ari@Col 08:40PM ET,Col,
,,,,,,,,,,,OF,Kole Calhoun (6695318),Kole Calhoun,6695318,3900,StL@LAA 10:05PM ET,LAA,
,,,,,,,,,,,3B/SS,Jung Ho Kang (6695116),Jung Ho Kang,6695116,3900,Pit@Cin 07:10PM ET,Pit,
,,,,,,,,,,,1B/3B,Alex Rodriguez (6694942),Alex Rodriguez,6694942,3800,KC@NYY 07:05PM ET,NYY,
,,,,,,,,,,,1B,Mark Teixeira (6694896),Mark Teixeira,6694896,3800,KC@NYY 07:05PM ET,NYY,
,,,,,,,,,,,OF,Shin-soo Choo (6695320),Shin-soo Choo,6695320,3800,CWS@Tex 08:05PM ET,Tex,
,,,,,,,,,,,C,Dioner Navarro (6694864),Dioner Navarro,6694864,3800,CWS@Tex 08:05PM ET,CWS,
,,,,,,,,,,,1B,Billy Butler (6694894),Billy Butler,6694894,3800,Oak@Bos 07:10PM ET,Oak,
,,,,,,,,,,,1B,Mark Reynolds (6694934),Mark Reynolds,6694934,3800,Ari@Col 08:40PM ET,Col,
,,,,,,,,,,,3B,David Freese (6695058),David Freese,6695058,3800,Pit@Cin 07:10PM ET,Pit,
,,,,,,,,,,,1B,Brandon Belt (6694940),Brandon Belt,6694940,3800,Tor@SF 10:15PM ET,SF,
,,,,,,,,,,,3B,Danny Valencia (6695044),Danny Valencia,6695044,3800,Oak@Bos 07:10PM ET,Oak,
,,,,,,,,,,,1B/3B,Wilmer Flores (6694947),Wilmer Flores,6694947,3800,NYM@LAD 10:10PM ET,NYM,
,,,,,,,,,,,OF,Billy Hamilton (6695252),Billy Hamilton,6695252,3800,Pit@Cin 07:10PM ET,Cin,
,,,,,,,,,,,3B,Kyle Seager (6695067),Kyle Seager,6695067,3800,TB@Sea 10:10PM ET,Sea,
,,,,,,,,,,,OF,J.D. Martinez (6695282),J.D. Martinez,6695282,3800,Det@Was 07:05PM ET,Det,
,,,,,,,,,,,OF,Marcell Ozuna (6695228),Marcell Ozuna,6695228,3800,Mil@Mia 07:10PM ET,Mia,
,,,,,,,,,,,OF,Adam Duvall (6695257),Adam Duvall,6695257,3800,Pit@Cin 07:10PM ET,Cin,
,,,,,,,,,,,3B,Travis Shaw (6695045),Travis Shaw,6695045,3800,Oak@Bos 07:10PM ET,Bos,
,,,,,,,,,,,1B,Byung Ho Park (6694915),Byung Ho Park,6694915,3800,Bal@Min 08:10PM ET,Min,
,,,,,,,,,,,1B,Albert Pujols (6694927),Albert Pujols,6694927,3700,StL@LAA 10:05PM ET,LAA,
,,,,,,,,,,,OF,Matt Joyce (6695250),Matt Joyce,6695250,3700,Pit@Cin 07:10PM ET,Pit,
,,,,,,,,,,,OF,Ben Revere (6695277),Ben Revere,6695277,3700,Det@Was 07:05PM ET,Was,
,,,,,,,,,,,1B,Freddie Freeman (6694901),Freddie Freeman,6694901,3700,Phi@Atl 07:10PM ET,Atl,
,,,,,,,,,,,1B/OF,Jerry Sands (6694960),Jerry Sands,6694960,3700,CWS@Tex 08:05PM ET,CWS,
,,,,,,,,,,,1B,Wil Myers (6694907),Wil Myers,6694907,3700,SD@ChC 08:05PM ET,SD,
,,,,,,,,,,,OF,Jeremy Hazelbaker (6695315),Jeremy Hazelbaker,6695315,3700,StL@LAA 10:05PM ET,StL,
,,,,,,,,,,,SS,Tyler Saladino (6695152),Tyler Saladino,6695152,3700,CWS@Tex 08:05PM ET,CWS,
,,,,,,,,,,,3B/OF,Miguel Sano (6695106),Miguel Sano,6695106,3700,Bal@Min 08:10PM ET,Min,
,,,,,,,,,,,OF,Socrates Brito (6695339),Socrates Brito,6695339,3700,Ari@Col 08:40PM ET,Ari,
,,,,,,,,,,,OF,Kevin Pillar (6695363),Kevin Pillar,6695363,3700,Tor@SF 10:15PM ET,Tor,
,,,,,,,,,,,OF,Michael Conforto (6695352),Michael Conforto,6695352,3700,NYM@LAD 10:10PM ET,NYM,
,,,,,,,,,,,OF,Rusney Castillo (6695196),Rusney Castillo,6695196,3700,Oak@Bos 07:10PM ET,Bos,
,,,,,,,,,,,1B,Victor Martinez (6694916),Victor Martinez,6694916,3600,Det@Was 07:05PM ET,Det,
,,,,,,,,,,,OF,Coco Crisp (6695187),Coco Crisp,6695187,3600,Oak@Bos 07:10PM ET,Oak,
,,,,,,,,,,,C,Brian McCann (6694807),Brian McCann,6694807,3600,KC@NYY 07:05PM ET,NYY,
,,,,,,,,,,,3B,Martin Prado (6695054),Martin Prado,6695054,3600,Mil@Mia 07:10PM ET,Mia,
,,,,,,,,,,,OF,Adam Jones (6695262),Adam Jones,6695262,3600,Bal@Min 08:10PM ET,Bal,
,,,,,,,,,,,OF,Austin Jackson (6695324),Austin Jackson,6695324,3600,CWS@Tex 08:05PM ET,CWS,
,,,,,,,,,,,C,Nick Hundley (6694873),Nick Hundley,6694873,3600,Ari@Col 08:40PM ET,Col,
,,,,,,,,,,,OF,Ryan Kalish (6695237),Ryan Kalish,6695237,3600,SD@ChC 08:05PM ET,ChC,
,,,,,,,,,,,OF,Steven Souza Jr. (6695304),Steven Souza Jr.,6695304,3600,TB@Sea 10:10PM ET,TB,
,,,,,,,,,,,C,Stephen Vogt (6694803),Stephen Vogt,6694803,3600,Oak@Bos 07:10PM ET,Oak,
,,,,,,,,,,,C,Buster Posey (6694887),Buster Posey,6694887,3600,Tor@SF 10:15PM ET,SF,
,,,,,,,,,,,OF,Brock Holt (6695193),Brock Holt,6695193,3600,Oak@Bos 07:10PM ET,Bos,
,,,,,,,,,,,3B,Matt Carpenter (6695069),Matt Carpenter,6695069,3600,StL@LAA 10:05PM ET,StL,
,,,,,,,,,,,OF,Jackie Bradley Jr. (6695194),Jackie Bradley Jr.,6695194,3600,Oak@Bos 07:10PM ET,Bos,
,,,,,,,,,,,SS,Marcus Semien (6695121),Marcus Semien,6695121,3600,Oak@Bos 07:10PM ET,Oak,
,,,,,,,,,,,3B,Nick Castellanos (6695063),Nick Castellanos,6695063,3600,Det@Was 07:05PM ET,Det,
,,,,,,,,,,,C,Brett Nicholas (6694870),Brett Nicholas,6694870,3600,CWS@Tex 08:05PM ET,Tex,
,,,,,,,,,,,OF,Adam Eaton (6695329),Adam Eaton,6695329,3600,CWS@Tex 08:05PM ET,CWS,
,,,,,,,,,,,3B,Matt Duffy (6695079),Matt Duffy,6695079,3600,Tor@SF 10:15PM ET,SF,
,,,,,,,,,,,OF,Ryan Raburn (6695331),Ryan Raburn,6695331,3500,Ari@Col 08:40PM ET,Col,
,,,,,,,,,,,OF,Justin Ruggiano (6695323),Justin Ruggiano,6695323,3500,CWS@Tex 08:05PM ET,Tex,
,,,,,,,,,,,OF,Michael Saunders (6695358),Michael Saunders,6695358,3500,Tor@SF 10:15PM ET,Tor,
,,,,,,,,,,,1B,Ryan Zimmerman (6694918),Ryan Zimmerman,6694918,3500,Det@Was 07:05PM ET,Was,
,,,,,,,,,,,SS,Elvis Andrus (6695151),Elvis Andrus,6695151,3500,CWS@Tex 08:05PM ET,Tex,
,,,,,,,,,,,C,Francisco Cervelli (6694828),Francisco Cervelli,6694828,3500,Pit@Cin 07:10PM ET,Pit,
,,,,,,,,,,,SS,Zack Cozart (6695133),Zack Cozart,6695133,3500,Pit@Cin 07:10PM ET,Cin,
,,,,,,,,,,,1B,Yonder Alonso (6694895),Yonder Alonso,6694895,3500,Oak@Bos 07:10PM ET,Oak,
,,,,,,,,,,,C,Josh Phegley (6694805),Josh Phegley,6694805,3500,Oak@Bos 07:10PM ET,Oak,
,,,,,,,,,,,OF,Odubel Herrera (6695217),Odubel Herrera,6695217,3500,Phi@Atl 07:10PM ET,Phi,
,,,,,,,,,,,OF,Delino DeShields (6695328),Delino DeShields,6695328,3500,CWS@Tex 08:05PM ET,Tex,
,,,,,,,,,,,OF,Evan Gattis (6695297),Evan Gattis,6695297,3500,Cle@Hou 08:10PM ET,Hou,
,,,,,,,,,,,2B,Joe Panik (6695006),Joe Panik,6695006,3500,Tor@SF 10:15PM ET,SF,
,,,,,,,,,,,2B,Devon Travis (6695007),Devon Travis,6695007,3500,Tor@SF 10:15PM ET,Tor,
,,,,,,,,,,,2B,Cory Spangenberg (6694978),Cory Spangenberg,6694978,3500,SD@ChC 08:05PM ET,SD,
,,,,,,,,,,,OF,Josh Bell (6695260),Josh Bell,6695260,3500,Pit@Cin 07:10PM ET,Pit,
,,,,,,,,,,,OF,Mallex Smith (6695219),Mallex Smith,6695219,3500,Phi@Atl 07:10PM ET,Atl,
,,,,,,,,,,,1B,Tyler White (6694922),Tyler White,6694922,3500,Cle@Hou 08:10PM ET,Hou,
,,,,,,,,,,,SS,Aledmys Diaz (6695149),Aledmys Diaz,6695149,3500,StL@LAA 10:05PM ET,StL,
,,,,,,,,,,,OF,Carlos Beltran (6695197),Carlos Beltran,6695197,3400,KC@NYY 07:05PM ET,NYY,
,,,,,,,,,,,OF,Marlon Byrd (6695285),Marlon Byrd,6695285,3400,Cle@Hou 08:10PM ET,Cle,
,,,,,,,,,,,1B,Joe Mauer (6694912),Joe Mauer,6694912,3400,Bal@Min 08:10PM ET,Min,
,,,,,,,,,,,1B,Ryan Howard (6694900),Ryan Howard,6694900,3400,Phi@Atl 07:10PM ET,Phi,
,,,,,,,,,,,OF,Carlos Gomez (6695287),Carlos Gomez,6695287,3400,Cle@Hou 08:10PM ET,Hou,
,,,,,,,,,,,OF,Lorenzo Cain (6695198),Lorenzo Cain,6695198,3400,KC@NYY 07:05PM ET,KC,
,,,,,,,,,,,OF,Colby Rasmus (6695288),Colby Rasmus,6695288,3400,Cle@Hou 08:10PM ET,Hou,
,,,,,,,,,,,3B,Yunel Escobar (6695068),Yunel Escobar,6695068,3400,StL@LAA 10:05PM ET,LAA,
,,,,,,,,,,,2B,Jed Lowrie (6694966),Jed Lowrie,6694966,3400,Oak@Bos 07:10PM ET,Oak,
,,,,,,,,,,,OF,Cameron Maybin (6695274),Cameron Maybin,6695274,3400,Det@Was 07:05PM ET,Det,
,,,,,,,,,,,2B/3B,Chris Coghlan (6695009),Chris Coghlan,6695009,3400,Oak@Bos 07:10PM ET,Oak,
,,,,,,,,,,,C,Wilson Ramos (6694842),Wilson Ramos,6694842,3400,Det@Was 07:05PM ET,Was,
,,,,,,,,,,,C,Jonathan Lucroy (6694818),Jonathan Lucroy,6694818,3400,Mil@Mia 07:10PM ET,Mil,
,,,,,,,,,,,OF,Aaron Hicks (6695204),Aaron Hicks,6695204,3400,KC@NYY 07:05PM ET,NYY,
,,,,,,,,,,,C,Chris Herrmann (6694875),Chris Herrmann,6694875,3400,Ari@Col 08:40PM ET,Ari,
,,,,,,,,,,,OF,Chris Owings (6695338),Chris Owings,6695338,3400,Ari@Col 08:40PM ET,Ari,
,,,,,,,,,,,OF,Aaron Altherr (6695215),Aaron Altherr,6695215,3400,Phi@Atl 07:10PM ET,Phi,
,,,,,,,,,,,OF,Oswaldo Arcia (6695266),Oswaldo Arcia,6695266,3400,Bal@Min 08:10PM ET,Min,
,,,,,,,,,,,2B,Jonathan Schoop (6694984),Jonathan Schoop,6694984,3400,Bal@Min 08:10PM ET,Bal,
,,,,,,,,,,,SS,Addison Russell (6695132),Addison Russell,6695132,3400,SD@ChC 08:05PM ET,ChC,
,,,,,,,,,,,OF,Jorge Soler (6695247),Jorge Soler,6695247,3400,SD@ChC 08:05PM ET,ChC,
,,,,,,,,,,,OF,Josh Hamilton (6695319),Josh Hamilton,6695319,3300,CWS@Tex 08:05PM ET,Tex,
,,,,,,,,,,,OF,Angel Pagan (6695353),Angel Pagan,6695353,3300,Tor@SF 10:15PM ET,SF,
,,,,,,,,,,,OF,Rajai Davis (6695286),Rajai Davis,6695286,3300,Cle@Hou 08:10PM ET,Cle,
,,,,,,,,,,,1B,Prince Fielder (6694930),Prince Fielder,6694930,3300,CWS@Tex 08:05PM ET,Tex,
,,,,,,,,,,,1B/OF,Brandon Moss (6694957),Brandon Moss,6694957,3300,StL@LAA 10:05PM ET,StL,
,,,,,,,,,,,OF,Curtis Granderson (6695343),Curtis Granderson,6695343,3300,NYM@LAD 10:10PM ET,NYM,
,,,,,,,,,,,OF,Chris Young (6695188),Chris Young,6695188,3300,Oak@Bos 07:10PM ET,Bos,
,,,,,,,,,,,C,Bobby Wilson (6694866),Bobby Wilson,6694866,3300,CWS@Tex 08:05PM ET,Tex,
,,,,,,,,,,,OF,Nick Markakis (6695211),Nick Markakis,6695211,3300,Phi@Atl 07:10PM ET,Atl,
,,,,,,,,,,,SS,Asdrubal Cabrera (6695157),Asdrubal Cabrera,6695157,3300,NYM@LAD 10:10PM ET,NYM,
,,,,,,,,,,,3B,Trevor Plouffe (6695060),Trevor Plouffe,6695060,3300,Bal@Min 08:10PM ET,Min,
,,,,,,,,,,,OF,Sam Fuld (6695189),Sam Fuld,6695189,3300,Oak@Bos 07:10PM ET,Oak,
,,,,,,,,,,,SS,Troy Tulowitzki (6695159),Troy Tulowitzki,6695159,3300,Tor@SF 10:15PM ET,Tor,
,,,,,,,,,,,3B/SS,Eduardo Nunez (6695117),Eduardo Nunez,6695117,3300,Bal@Min 08:10PM ET,Min,
,,,,,,,,,,,3B,Mike Moustakas (6695047),Mike Moustakas,6695047,3300,KC@NYY 07:05PM ET,KC,
,,,,,,,,,,,2B/3B,Derek Dietrich (6695014),Derek Dietrich,6695014,3300,Mil@Mia 07:10PM ET,Mia,
,,,,,,,,,,,OF,Anthony Gose (6695278),Anthony Gose,6695278,3300,Det@Was 07:05PM ET,Det,
,,,,,,,,,,,SS,Jordy Mercer (6695134),Jordy Mercer,6695134,3300,Pit@Cin 07:10PM ET,Pit,
,,,,,,,,,,,2B,Starlin Castro (6694970),Starlin Castro,6694970,3300,KC@NYY 07:05PM ET,NYY,
,,,,,,,,,,,1B/OF,Hyun Soo Kim (6694955),Hyun Soo Kim,6694955,3300,Bal@Min 08:10PM ET,Bal,
,,,,,,,,,,,OF,Michael A. Taylor (6695279),Michael A. Taylor,6695279,3300,Det@Was 07:05PM ET,Was,
,,,,,,,,,,,C,Yan Gomes (6694848),Yan Gomes,6694848,3300,Cle@Hou 08:10PM ET,Cle,
,,,,,,,,,,,1B,Justin Bour (6694904),Justin Bour,6694904,3300,Mil@Mia 07:10PM ET,Mia,
,,,,,,,,,,,2B/3B,Phil Gosselin (6695019),Phil Gosselin,6695019,3300,Ari@Col 08:40PM ET,Ari,
,,,,,,,,,,,OF,Joc Pederson (6695349),Joc Pederson,6695349,3300,NYM@LAD 10:10PM ET,LAD,
,,,,,,,,,,,3B,Maikel Franco (6695051),Maikel Franco,6695051,3300,Phi@Atl 07:10PM ET,Phi,
,,,,,,,,,,,1B,Jason Rogers (6694911),Jason Rogers,6694911,3300,Pit@Cin 07:10PM ET,Pit,
,,,,,,,,,,,1B,A.J. Reed (6694921),A.J. Reed,6694921,3300,Cle@Hou 08:10PM ET,Hou,
,,,,,,,,,,,3B/OF,Adonis Garcia (6695104),Adonis Garcia,6695104,3300,Phi@Atl 07:10PM ET,Atl,
,,,,,,,,,,,OF,Manuel Margot (6695245),Manuel Margot,6695245,3300,SD@ChC 08:05PM ET,SD,
,,,,,,,,,,,OF,Byron Buxton (6695271),Byron Buxton,6695271,3300,Bal@Min 08:10PM ET,Min,
,,,,,,,,,,,1B,Adrian Gonzalez (6694936),Adrian Gonzalez,6694936,3200,NYM@LAD 10:10PM ET,LAD,
,,,,,,,,,,,2B,Chase Utley (6695002),Chase Utley,6695002,3200,NYM@LAD 10:10PM ET,LAD,
,,,,,,,,,,,1B,Mike Napoli (6694919),Mike Napoli,6694919,3200,Cle@Hou 08:10PM ET,Cle,
,,,,,,,,,,,OF,Denard Span (6695356),Denard Span,6695356,3200,Tor@SF 10:15PM ET,SF,
,,,,,,,,,,,OF,Matt Holliday (6695309),Matt Holliday,6695309,3200,StL@LAA 10:05PM ET,StL,
,,,,,,,,,,,SS,Jhonny Peralta (6695147),Jhonny Peralta,6695147,3200,StL@LAA 10:05PM ET,StL,
,,,,,,,,,,,2B/3B,Sean Rodriguez (6695018),Sean Rodriguez,6695018,3200,Pit@Cin 07:10PM ET,Pit,
,,,,,,,,,,,2B,Neil Walker (6695003),Neil Walker,6695003,3200,NYM@LAD 10:10PM ET,NYM,
,,,,,,,,,,,OF,Brandon Guyer (6695305),Brandon Guyer,6695305,3200,TB@Sea 10:10PM ET,TB,
,,,,,,,,,,,OF,Matt Szczur (6695239),Matt Szczur,6695239,3200,SD@ChC 08:05PM ET,ChC,
,,,,,,,,,,,1B,Mitch Moreland (6694931),Mitch Moreland,6694931,3200,CWS@Tex 08:05PM ET,Tex,
,,,,,,,,,,,1B,Pedro Alvarez (6694914),Pedro Alvarez,6694914,3200,Bal@Min 08:10PM ET,Bal,
,,,,,,,,,,,1B,Justin Smoak (6694941),Justin Smoak,6694941,3200,Tor@SF 10:15PM ET,Tor,
,,,,,,,,,,,SS,Brandon Crawford (6695160),Brandon Crawford,6695160,3200,Tor@SF 10:15PM ET,SF,
,,,,,,,,,,,3B,Eric Campbell (6695076),Eric Campbell,6695076,3200,NYM@LAD 10:10PM ET,NYM,
,,,,,,,,,,,2B/OF,Dustin Ackley (6695025),Dustin Ackley,6695025,3200,KC@NYY 07:05PM ET,NYY,
,,,,,,,,,,,1B/OF,Ben Paulsen (6694962),Ben Paulsen,6694962,3200,Ari@Col 08:40PM ET,Col,
,,,,,,,,,,,OF,Ender Inciarte (6695216),Ender Inciarte,6695216,3200,Phi@Atl 07:10PM ET,Atl,
,,,,,,,,,,,OF,Yorman Rodriguez (6695254),Yorman Rodriguez,6695254,3200,Pit@Cin 07:10PM ET,Cin,
,,,,,,,,,,,1B,C.J. Cron (6694929),C.J. Cron,6694929,3200,StL@LAA 10:05PM ET,LAA,
,,,,,,,,,,,SS,Nick Ahmed (6695155),Nick Ahmed,6695155,3200,Ari@Col 08:40PM ET,Ari,
,,,,,,,,,,,OF,Tyler Goeddel (6695218),Tyler Goeddel,6695218,3200,Phi@Atl 07:10PM ET,Phi,
,,,,,,,,,,,OF,Joey Rickard (6695270),Joey Rickard,6695270,3200,Bal@Min 08:10PM ET,Bal,
,,,,,,,,,,,SS,Corey Seager (6695158),Corey Seager,6695158,3200,NYM@LAD 10:10PM ET,LAD,
,,,,,,,,,,,OF,Nomar Mazara (6695330),Nomar Mazara,6695330,3200,CWS@Tex 08:05PM ET,Tex,
,,,,,,,,,,,OF,Yasiel Puig (6695351),Yasiel Puig,6695351,3200,NYM@LAD 10:10PM ET,LAD,
,,,,,,,,,,,C,Russell Martin (6694885),Russell Martin,6694885,3100,Tor@SF 10:15PM ET,Tor,
,,,,,,,,,,,C,Ryan Hanigan (6694802),Ryan Hanigan,6694802,3100,Oak@Bos 07:10PM ET,Bos,
,,,,,,,,,,,OF,Melvin Upton Jr. (6695233),Melvin Upton Jr.,6695233,3100,SD@ChC 08:05PM ET,SD,
,,,,,,,,,,,C,Jarrod Saltalamacchia (6694841),Jarrod Saltalamacchia,6694841,3100,Det@Was 07:05PM ET,Det,
,,,,,,,,,,,3B,Chase Headley (6695046),Chase Headley,6695046,3100,KC@NYY 07:05PM ET,NYY,
,,,,,,,,,,,1B,Chris Colabello (6694939),Chris Colabello,6694939,3100,Tor@SF 10:15PM ET,Tor,
,,,,,,,,,,,OF,Jon Jay (6695236),Jon Jay,6695236,3100,SD@ChC 08:05PM ET,SD,
,,,,,,,,,,,OF,Jarrod Dyson (6695203),Jarrod Dyson,6695203,3100,KC@NYY 07:05PM ET,KC,
,,,,,,,,,,,OF,Juan Lagares (6695346),Juan Lagares,6695346,3100,NYM@LAD 10:10PM ET,NYM,
,,,,,,,,,,,OF,Jabari Blash (6695240),Jabari Blash,6695240,3100,SD@ChC 08:05PM ET,SD,
,,,,,,,,,,,OF,Abraham Almonte (6695292),Abraham Almonte,6695292,3100,Cle@Hou 08:10PM ET,Cle,
,,,,,,,,,,,OF,Kirk Nieuwenhuis (6695225),Kirk Nieuwenhuis,6695225,3100,Mil@Mia 07:10PM ET,Mil,
,,,,,,,,,,,OF,Keon Broxton (6695226),Keon Broxton,6695226,3100,Mil@Mia 07:10PM ET,Mil,
,,,,,,,,,,,OF,Matt den Dekker (6695280),Matt den Dekker,6695280,3100,Det@Was 07:05PM ET,Was,
,,,,,,,,,,,OF,Brian Goodwin (6695281),Brian Goodwin,6695281,3100,Det@Was 07:05PM ET,Was,
,,,,,,,,,,,OF,Corey Dickerson (6695307),Corey Dickerson,6695307,3100,TB@Sea 10:10PM ET,TB,
,,,,,,,,,,,SS,Jonathan Villar (6695127),Jonathan Villar,6695127,3100,Mil@Mia 07:10PM ET,Mil,
,,,,,,,,,,,OF,Domingo Santana (6695230),Domingo Santana,6695230,3100,Mil@Mia 07:10PM ET,Mil,
,,,,,,,,,,,2B/SS,Jedd Gyorko (6695037),Jedd Gyorko,6695037,3100,StL@LAA 10:05PM ET,StL,
,,,,,,,,,,,C,J.T. Realmuto (6694819),J.T. Realmuto,6694819,3100,Mil@Mia 07:10PM ET,Mia,
,,,,,,,,,,,OF,Scott Schebler (6695259),Scott Schebler,6695259,3100,Pit@Cin 07:10PM ET,Cin,
,,,,,,,,,,,2B,Jose Peraza (6694981),Jose Peraza,6694981,3100,Pit@Cin 07:10PM ET,Cin,
,,,,,,,,,,,3B/SS,Javier Baez (6695115),Javier Baez,6695115,3100,SD@ChC 08:05PM ET,ChC,
,,,,,,,,,,,3B/OF,Jose Ramirez (6695108),Jose Ramirez,6695108,3100,Cle@Hou 08:10PM ET,Cle,
,,,,,,,,,,,2B/SS,Trea Turner (6695035),Trea Turner,6695035,3100,Det@Was 07:05PM ET,Was,
,,,,,,,,,,,1B,Michael Morse (6694908),Michael Morse,6694908,3000,Pit@Cin 07:10PM ET,Pit,
,,,,,,,,,,,C,Robinson Chirinos (6694865),Robinson Chirinos,6694865,3000,CWS@Tex 08:05PM ET,Tex,
,,,,,,,,,,,C,Miguel Montero (6694821),Miguel Montero,6694821,3000,SD@ChC 08:05PM ET,ChC,
,,,,,,,,,,,2B/3B,Howie Kendrick (6695020),Howie Kendrick,6695020,3000,NYM@LAD 10:10PM ET,LAD,
,,,,,,,,,,,SS,Alcides Escobar (6695123),Alcides Escobar,6695123,3000,KC@NYY 07:05PM ET,KC,
,,,,,,,,,,,1B,Kendrys Morales (6694897),Kendrys Morales,6694897,3000,KC@NYY 07:05PM ET,KC,
,,,,,,,,,,,OF,Alex Gordon (6695201),Alex Gordon,6695201,3000,KC@NYY 07:05PM ET,KC,
,,,,,,,,,,,OF,Norichika Aoki (6695302),Norichika Aoki,6695302,3000,TB@Sea 10:10PM ET,Sea,
,,,,,,,,,,,C,Matt Wieters (6694836),Matt Wieters,6694836,3000,Bal@Min 08:10PM ET,Bal,
,,,,,,,,,,,C,Devin Mesoraco (6694829),Devin Mesoraco,6694829,3000,Pit@Cin 07:10PM ET,Cin,
,,,,,,,,,,,1B/OF,Clint Robinson (6694956),Clint Robinson,6694956,3000,Det@Was 07:05PM ET,Was,
,,,,,,,,,,,2B/SS,Daniel Descalso (6695039),Daniel Descalso,6695039,3000,Ari@Col 08:40PM ET,Col,
,,,,,,,,,,,C,Salvador Perez (6694810),Salvador Perez,6694810,3000,KC@NYY 07:05PM ET,KC,
,,,,,,,,,,,1B/3B,Yangervis Solarte (6694944),Yangervis Solarte,6694944,3000,SD@ChC 08:05PM ET,SD,
,,,,,,,,,,,C,Alex Avila (6694867),Alex Avila,6694867,3000,CWS@Tex 08:05PM ET,CWS,
,,,,,,,,,,,OF,J.B. Shuck (6695326),J.B. Shuck,6695326,3000,CWS@Tex 08:05PM ET,CWS,
,,,,,,,,,,,C,Christian Vazquez (6694804),Christian Vazquez,6694804,3000,Oak@Bos 07:10PM ET,Bos,
,,,,,,,,,,,2B,Kolten Wong (6694995),Kolten Wong,6694995,3000,StL@LAA 10:05PM ET,StL,
,,,,,,,,,,,C,Dustin Garneau (6694876),Dustin Garneau,6694876,3000,Ari@Col 08:40PM ET,Col,
,,,,,,,,,,,OF,Tyler Naquin (6695294),Tyler Naquin,6695294,3000,Cle@Hou 08:10PM ET,Cle,
,,,,,,,,,,,OF,Rafael Ortega (6695317),Rafael Ortega,6695317,3000,StL@LAA 10:05PM ET,LAA,
,,,,,,,,,,,2B/SS,Marco Hernandez (6695028),Marco Hernandez,6695028,3000,Oak@Bos 07:10PM ET,Bos,
,,,,,,,,,,,OF,Eddie Rosario (6695268),Eddie Rosario,6695268,3000,Bal@Min 08:10PM ET,Min,
,,,,,,,,,,,OF,Mason Williams (6695207),Mason Williams,6695207,3000,KC@NYY 07:05PM ET,NYY,
,,,,,,,,,,,OF,Max Kepler (6695269),Max Kepler,6695269,3000,Bal@Min 08:10PM ET,Min,
,,,,,,,,,,,1B/OF,Ji-Man Choi (6694959),Ji-Man Choi,6694959,3000,StL@LAA 10:05PM ET,LAA,
,,,,,,,,,,,SS,Orlando Arcia (6695129),Orlando Arcia,6695129,3000,Mil@Mia 07:10PM ET,Mil,
,,,,,,,,,,,2B/3B,Tommy La Stella (6695017),Tommy La Stella,6695017,3000,SD@ChC 08:05PM ET,ChC,
,,,,,,,,,,,C,Tom Murphy (6694878),Tom Murphy,6694878,3000,Ari@Col 08:40PM ET,Col,
,,,,,,,,,,,3B,Hector Olivera (6695052),Hector Olivera,6695052,3000,Phi@Atl 07:10PM ET,Atl,
,,,,,,,,,,,2B/OF,Kelly Johnson (6695026),Kelly Johnson,6695026,2900,Phi@Atl 07:10PM ET,Atl,
,,,,,,,,,,,C,Yadier Molina (6694858),Yadier Molina,6694858,2900,StL@LAA 10:05PM ET,StL,
,,,,,,,,,,,3B,Luis Valbuena (6695065),Luis Valbuena,6695065,2900,Cle@Hou 08:10PM ET,Hou,
,,,,,,,,,,,2B/SS,Ivan De Jesus Jr. (6695033),Ivan De Jesus Jr.,6695033,2900,Pit@Cin 07:10PM ET,Cin,
,,,,,,,,,,,OF,Nolan Reimold (6695264),Nolan Reimold,6695264,2900,Bal@Min 08:10PM ET,Bal,
,,,,,,,,,,,1B,Steve Pearce (6694924),Steve Pearce,6694924,2900,TB@Sea 10:10PM ET,TB,
,,,,,,,,,,,OF,Antoan Richardson (6695251),Antoan Richardson,6695251,2900,Pit@Cin 07:10PM ET,Pit,
,,,,,,,,,,,OF,Lonnie Chisenhall (6695290),Lonnie Chisenhall,6695290,2900,Cle@Hou 08:10PM ET,Cle,
,,,,,,,,,,,OF,Domonic Brown (6695359),Domonic Brown,6695359,2900,Tor@SF 10:15PM ET,Tor,
,,,,,,,,,,,C,Roberto Perez (6694846),Roberto Perez,6694846,2900,Cle@Hou 08:10PM ET,Cle,
,,,,,,,,,,,2B,Jimmy Paredes (6694982),Jimmy Paredes,6694982,2900,Bal@Min 08:10PM ET,Bal,
,,,,,,,,,,,2B,Eric Sogard (6694967),Eric Sogard,6694967,2900,Oak@Bos 07:10PM ET,Oak,
,,,,,,,,,,,OF,Ezequiel Carrera (6695361),Ezequiel Carrera,6695361,2900,Tor@SF 10:15PM ET,Tor,
,,,,,,,,,,,SS,Freddy Galvis (6695126),Freddy Galvis,6695126,2900,Phi@Atl 07:10PM ET,Phi,
,,,,,,,,,,,C,Kyle Skipworth (6694831),Kyle Skipworth,6694831,2900,Pit@Cin 07:10PM ET,Cin,
,,,,,,,,,,,C,Jason Castro (6694847),Jason Castro,6694847,2900,Cle@Hou 08:10PM ET,Hou,
,,,,,,,,,,,1B/3B,Brett Wallace (6694945),Brett Wallace,6694945,2900,SD@ChC 08:05PM ET,SD,
,,,,,,,,,,,1B,Ike Davis (6694932),Ike Davis,6694932,2900,CWS@Tex 08:05PM ET,Tex,
,,,,,,,,,,,2B,Johnny Giavotella (6694994),Johnny Giavotella,6694994,2900,StL@LAA 10:05PM ET,LAA,
,,,,,,,,,,,SS,Didi Gregorius (6695124),Didi Gregorius,6695124,2900,KC@NYY 07:05PM ET,NYY,
,,,,,,,,,,,OF,Randal Grichuk (6695313),Randal Grichuk,6695313,2900,StL@LAA 10:05PM ET,StL,
,,,,,,,,,,,OF,Reymond Fuentes (6695206),Reymond Fuentes,6695206,2900,KC@NYY 07:05PM ET,KC,
,,,,,,,,,,,1B,Matt Adams (6694928),Matt Adams,6694928,2900,StL@LAA 10:05PM ET,StL,
,,,,,,,,,,,OF,Rymer Liriano (6695227),Rymer Liriano,6695227,2900,Mil@Mia 07:10PM ET,Mil,
,,,,,,,,,,,2B,Carlos Sanchez (6694997),Carlos Sanchez,6694997,2900,CWS@Tex 08:05PM ET,CWS,
,,,,,,,,,,,OF,Tyler Holt (6695256),Tyler Holt,6695256,2900,Pit@Cin 07:10PM ET,Cin,
,,,,,,,,,,,OF,Preston Tucker (6695298),Preston Tucker,6695298,2900,Cle@Hou 08:10PM ET,Hou,
,,,,,,,,,,,C,Blake Swihart (6694806),Blake Swihart,6694806,2900,Oak@Bos 07:10PM ET,Bos,
,,,,,,,,,,,OF,Tyler Collins (6695284),Tyler Collins,6695284,2900,Det@Was 07:05PM ET,Det,
,,,,,,,,,,,2B,Kelby Tomlinson (6695008),Kelby Tomlinson,6695008,2900,Tor@SF 10:15PM ET,SF,
,,,,,,,,,,,SS,J.J. Hardy (6695135),J.J. Hardy,6695135,2800,Bal@Min 08:10PM ET,Bal,
,,,,,,,,,,,OF,Gregor Blanco (6695355),Gregor Blanco,6695355,2800,Tor@SF 10:15PM ET,SF,
,,,,,,,,,,,C,Carlos Corporan (6694808),Carlos Corporan,6694808,2800,KC@NYY 07:05PM ET,NYY,
,,,,,,,,,,,OF,Andre Ethier (6695344),Andre Ethier,6695344,2800,NYM@LAD 10:10PM ET,LAD,
,,,,,,,,,,,C,Martin Maldonado (6694817),Martin Maldonado,6694817,2800,Mil@Mia 07:10PM ET,Mil,
,,,,,,,,,,,3B,Pablo Sandoval (6695043),Pablo Sandoval,6695043,2800,Oak@Bos 07:10PM ET,Bos,
,,,,,,,,,,,C,Chris Iannetta (6694849),Chris Iannetta,6694849,2800,TB@Sea 10:10PM ET,Sea,
,,,,,,,,,,,C,Tyler Flowers (6694813),Tyler Flowers,6694813,2800,Phi@Atl 07:10PM ET,Atl,
,,,,,,,,,,,3B,Justin Turner (6695075),Justin Turner,6695075,2800,NYM@LAD 10:10PM ET,LAD,
,,,,,,,,,,,OF,Tommy Pham (6695312),Tommy Pham,6695312,2800,StL@LAA 10:05PM ET,StL,
,,,,,,,,,,,C,Derek Norris (6694822),Derek Norris,6694822,2800,SD@ChC 08:05PM ET,SD,
,,,,,,,,,,,C,Yasmani Grandal (6694882),Yasmani Grandal,6694882,2800,NYM@LAD 10:10PM ET,LAD,
,,,,,,,,,,,3B,Ryan Flaherty (6695061),Ryan Flaherty,6695061,2800,Bal@Min 08:10PM ET,Bal,
,,,,,,,,,,,SS,Danny Espinosa (6695139),Danny Espinosa,6695139,2800,Det@Was 07:05PM ET,Was,
,,,,,,,,,,,C,Andrew Susac (6694888),Andrew Susac,6694888,2800,Tor@SF 10:15PM ET,SF,
,,,,,,,,,,,SS,Erik Gonzalez (6695141),Erik Gonzalez,6695141,2800,Cle@Hou 08:10PM ET,Cle,
,,,,,,,,,,,C,Willson Contreras (6694825),Willson Contreras,6694825,2800,SD@ChC 08:05PM ET,ChC,
,,,,,,,,,,,C,Curt Casali (6694855),Curt Casali,6694855,2800,TB@Sea 10:10PM ET,TB,
,,,,,,,,,,,3B/OF,Cody Asche (6695103),Cody Asche,6695103,2800,Phi@Atl 07:10PM ET,Phi,
,,,,,,,,,,,SS,Andrelton Simmons (6695148),Andrelton Simmons,6695148,2800,StL@LAA 10:05PM ET,LAA,
,,,,,,,,,,,OF,Travis Jankowski (6695244),Travis Jankowski,6695244,2800,SD@ChC 08:05PM ET,SD,
,,,,,,,,,,,SS,Ketel Marte (6695145),Ketel Marte,6695145,2800,TB@Sea 10:10PM ET,Sea,
,,,,,,,,,,,2B/OF,Jace Peterson (6695027),Jace Peterson,6695027,2800,Phi@Atl 07:10PM ET,Atl,
,,,,,,,,,,,OF,Michael Reed (6695232),Michael Reed,6695232,2800,Mil@Mia 07:10PM ET,Mil,
,,,,,,,,,,,1B/OF,Ryan Rua (6694961),Ryan Rua,6694961,2800,CWS@Tex 08:05PM ET,Tex,
,,,,,,,,,,,C,Trevor Brown (6694889),Trevor Brown,6694889,2800,Tor@SF 10:15PM ET,SF,
,,,,,,,,,,,3B,Juan Uribe (6695064),Juan Uribe,6695064,2700,Cle@Hou 08:10PM ET,Cle,
,,,,,,,,,,,OF,Carl Crawford (6695341),Carl Crawford,6695341,2700,NYM@LAD 10:10PM ET,LAD,
,,,,,,,,,,,SS,Erick Aybar (6695125),Erick Aybar,6695125,2700,Phi@Atl 07:10PM ET,Atl,
,,,,,,,,,,,2B,Stephen Drew (6694986),Stephen Drew,6694986,2700,Det@Was 07:05PM ET,Was,
,,,,,,,,,,,OF,Brandon Barnes (6695334),Brandon Barnes,6695334,2700,Ari@Col 08:40PM ET,Col,
,,,,,,,,,,,C,Josh Thole (6694886),Josh Thole,6694886,2700,Tor@SF 10:15PM ET,Tor,
,,,,,,,,,,,OF,Cedric Hunter (6695213),Cedric Hunter,6695213,2700,Phi@Atl 07:10PM ET,Phi,
,,,,,,,,,,,OF,Desmond Jennings (6695303),Desmond Jennings,6695303,2700,TB@Sea 10:10PM ET,TB,
,,,,,,,,,,,1B/3B,Marwin Gonzalez (6694946),Marwin Gonzalez,6694946,2700,Cle@Hou 08:10PM ET,Hou,
,,,,,,,,,,,C,Eric Fryer (6694861),Eric Fryer,6694861,2700,StL@LAA 10:05PM ET,StL,
,,,,,,,,,,,SS,Alexei Ramirez (6695130),Alexei Ramirez,6695130,2700,SD@ChC 08:05PM ET,SD,
,,,,,,,,,,,1B/OF,Daniel Nava (6694958),Daniel Nava,6694958,2700,StL@LAA 10:05PM ET,LAA,
,,,,,,,,,,,SS,Tim Beckham (6695144),Tim Beckham,6695144,2700,TB@Sea 10:10PM ET,TB,
,,,,,,,,,,,C,Caleb Joseph (6694838),Caleb Joseph,6694838,2700,Bal@Min 08:10PM ET,Bal,
,,,,,,,,,,,OF,Jake Marisnick (6695293),Jake Marisnick,6695293,2700,Cle@Hou 08:10PM ET,Hou,
,,,,,,,,,,,OF,Kike Hernandez (6695348),Kike Hernandez,6695348,2700,NYM@LAD 10:10PM ET,LAD,
,,,,,,,,,,,OF,Ramon Flores (6695229),Ramon Flores,6695229,2700,Mil@Mia 07:10PM ET,Mil,
,,,,,,,,,,,OF,Eury Perez (6695295),Eury Perez,6695295,2700,Cle@Hou 08:10PM ET,Hou,
,,,,,,,,,,,C,Elias Diaz (6694834),Elias Diaz,6694834,2700,Pit@Cin 07:10PM ET,Pit,
,,,,,,,,,,,SS,Jose Iglesias (6695140),Jose Iglesias,6695140,2700,Det@Was 07:05PM ET,Det,
,,,,,,,,,,,OF,Kevin Kiermaier (6695308),Kevin Kiermaier,6695308,2700,TB@Sea 10:10PM ET,TB,
,,,,,,,,,,,2B/3B,Daniel Castro (6695012),Daniel Castro,6695012,2700,Phi@Atl 07:10PM ET,Atl,
,,,,,,,,,,,OF,Mac Williamson (6695364),Mac Williamson,6695364,2700,Tor@SF 10:15PM ET,SF,
,,,,,,,,,,,3B/OF,Alex Guerrero (6695111),Alex Guerrero,6695111,2700,NYM@LAD 10:10PM ET,LAD,
,,,,,,,,,,,C,A.J. Pierzynski (6694811),A.J. Pierzynski,6694811,2600,Phi@Atl 07:10PM ET,Atl,
,,,,,,,,,,,C,David Ross (6694820),David Ross,6694820,2600,SD@ChC 08:05PM ET,ChC,
,,,,,,,,,,,C,Geovany Soto (6694859),Geovany Soto,6694859,2600,StL@LAA 10:05PM ET,LAA,
,,,,,,,,,,,C,Chris Stewart (6694827),Chris Stewart,6694827,2600,Pit@Cin 07:10PM ET,Pit,
,,,,,,,,,,,2B/3B,Aaron Hill (6695013),Aaron Hill,6695013,2600,Mil@Mia 07:10PM ET,Mil,
,,,,,,,,,,,1B/OF,Scott Van Slyke (6694963),Scott Van Slyke,6694963,2600,NYM@LAD 10:10PM ET,LAD,
,,,,,,,,,,,OF,Cole Gillespie (6695222),Cole Gillespie,6695222,2600,Mil@Mia 07:10PM ET,Mia,
,,,,,,,,,,,OF,Chris Heisey (6695276),Chris Heisey,6695276,2600,Det@Was 07:05PM ET,Was,
,,,,,,,,,,,OF,Trayce Thompson (6695347),Trayce Thompson,6695347,2600,NYM@LAD 10:10PM ET,LAD,
,,,,,,,,,,,C,John Ryan Murphy (6694839),John Ryan Murphy,6694839,2600,Bal@Min 08:10PM ET,Min,
,,,,,,,,,,,2B,Cesar Hernandez (6694971),Cesar Hernandez,6694971,2600,Phi@Atl 07:10PM ET,Phi,
,,,,,,,,,,,OF,Alex Dickerson (6695241),Alex Dickerson,6695241,2600,SD@ChC 08:05PM ET,SD,
,,,,,,,,,,,2B,Josh Rutledge (6694968),Josh Rutledge,6694968,2600,Oak@Bos 07:10PM ET,Bos,
,,,,,,,,,,,SS,Adeiny Hechavarria (6695128),Adeiny Hechavarria,6695128,2600,Mil@Mia 07:10PM ET,Mia,
,,,,,,,,,,,3B/SS,Ronald Torreyes (6695112),Ronald Torreyes,6695112,2600,KC@NYY 07:05PM ET,NYY,
,,,,,,,,,,,C,Tony Wolters (6694877),Tony Wolters,6694877,2600,Ari@Col 08:40PM ET,Col,
,,,,,,,,,,,C,Austin Barnes (6694883),Austin Barnes,6694883,2600,NYM@LAD 10:10PM ET,LAD,
,,,,,,,,,,,3B/OF,Joey Gallo (6695109),Joey Gallo,6695109,2600,CWS@Tex 08:05PM ET,Tex,
,,,,,,,,,,,OF,Franklin Gutierrez (6695299),Franklin Gutierrez,6695299,2500,TB@Sea 10:10PM ET,Sea,
,,,,,,,,,,,2B/3B,Andres Blanco (6695011),Andres Blanco,6695011,2500,Phi@Atl 07:10PM ET,Phi,
,,,,,,,,,,,C,Jose Lobaton (6694840),Jose Lobaton,6694840,2500,Det@Was 07:05PM ET,Was,
,,,,,,,,,,,2B,Cliff Pennington (6694993),Cliff Pennington,6694993,2500,StL@LAA 10:05PM ET,LAA,
,,,,,,,,,,,OF,Peter Bourjos (6695212),Peter Bourjos,6695212,2500,Phi@Atl 07:10PM ET,Phi,
,,,,,,,,,,,1B/3B,Matt Dominguez (6694948),Matt Dominguez,6694948,2500,Tor@SF 10:15PM ET,Tor,
,,,,,,,,,,,C,Jordan Pacheco (6694830),Jordan Pacheco,6694830,2500,Pit@Cin 07:10PM ET,Cin,
,,,,,,,,,,,3B/SS,Andrew Romine (6695119),Andrew Romine,6695119,2500,Det@Was 07:05PM ET,Det,
,,,,,,,,,,,1B,Austin Romine (6694898),Austin Romine,6694898,2500,KC@NYY 07:05PM ET,NYY,
,,,,,,,,,,,3B/SS,Ruben Tejada (6695120),Ruben Tejada,6695120,2500,StL@LAA 10:05PM ET,StL,
,,,,,,,,,,,3B,Gordon Beckham (6695050),Gordon Beckham,6695050,2500,Phi@Atl 07:10PM ET,Atl,
,,,,,,,,,,,3B/SS,Miguel Rojas (6695114),Miguel Rojas,6695114,2500,Mil@Mia 07:10PM ET,Mia,
,,,,,,,,,,,SS,Eduardo Escobar (6695137),Eduardo Escobar,6695137,2500,Bal@Min 08:10PM ET,Min,
,,,,,,,,,,,OF,Leonys Martin (6695306),Leonys Martin,6695306,2500,TB@Sea 10:10PM ET,Sea,
,,,,,,,,,,,C,Christian Bethancourt (6694824),Christian Bethancourt,6694824,2500,SD@ChC 08:05PM ET,SD,
,,,,,,,,,,,OF,Juan Perez (6695242),Juan Perez,6695242,2500,SD@ChC 08:05PM ET,ChC,
,,,,,,,,,,,2B/SS,Greg Garcia (6695038),Greg Garcia,6695038,2500,StL@LAA 10:05PM ET,StL,
,,,,,,,,,,,SS,Jorge Polanco (6695138),Jorge Polanco,6695138,2500,Bal@Min 08:10PM ET,Min,
,,,,,,,,,,,C,Jorge Alfaro (6694815),Jorge Alfaro,6694815,2500,Phi@Atl 07:10PM ET,Phi,
,,,,,,,,,,,C,James McCann (6694843),James McCann,6694843,2500,Det@Was 07:05PM ET,Det,
,,,,,,,,,,,OF,Jeff Francoeur (6695210),Jeff Francoeur,6695210,2400,Phi@Atl 07:10PM ET,Atl,
,,,,,,,,,,,OF,Alejandro De Aza (6695342),Alejandro De Aza,6695342,2400,NYM@LAD 10:10PM ET,NYM,
,,,,,,,,,,,C,Carlos Ruiz (6694812),Carlos Ruiz,6694812,2400,Phi@Atl 07:10PM ET,Phi,
,,,,,,,,,,,3B/OF,Mike Aviles (6695107),Mike Aviles,6695107,2400,Det@Was 07:05PM ET,Det,
,,,,,,,,,,,1B/OF,Kyle Blanks (6694964),Kyle Blanks,6694964,2400,Tor@SF 10:15PM ET,SF,
,,,,,,,,,,,OF,Jordan Schafer (6695345),Jordan Schafer,6695345,2400,NYM@LAD 10:10PM ET,LAD,
,,,,,,,,,,,1B,Dae-Ho Lee (6694925),Dae-Ho Lee,6694925,2400,TB@Sea 10:10PM ET,Sea,
,,,,,,,,,,,OF,Paulo Orlando (6695202),Paulo Orlando,6695202,2400,KC@NYY 07:05PM ET,KC,
,,,,,,,,,,,OF,Craig Gentry (6695311),Craig Gentry,6695311,2400,StL@LAA 10:05PM ET,LAA,
,,,,,,,,,,,2B/3B,Darwin Barney (6695023),Darwin Barney,6695023,2400,Tor@SF 10:15PM ET,Tor,
,,,,,,,,,,,3B,Conor Gillaspie (6695078),Conor Gillaspie,6695078,2400,Tor@SF 10:15PM ET,SF,
,,,,,,,,,,,2B/OF,Tyler Ladendorf (6695024),Tyler Ladendorf,6695024,2400,Oak@Bos 07:10PM ET,Oak,
,,,,,,,,,,,C,Tucker Barnhart (6694832),Tucker Barnhart,6694832,2400,Pit@Cin 07:10PM ET,Cin,
,,,,,,,,,,,2B,Scooter Gennett (6694973),Scooter Gennett,6694973,2400,Mil@Mia 07:10PM ET,Mil,
,,,,,,,,,,,OF,Danny Santana (6695267),Danny Santana,6695267,2400,Bal@Min 08:10PM ET,Min,
,,,,,,,,,,,2B/SS,Cristhian Adames (6695040),Cristhian Adames,6695040,2400,Ari@Col 08:40PM ET,Col,
,,,,,,,,,,,C,Cameron Rupp (6694814),Cameron Rupp,6694814,2400,Phi@Atl 07:10PM ET,Phi,
,,,,,,,,,,,C,Justin O'Conner (6694856),Justin O'Conner,6694856,2400,TB@Sea 10:10PM ET,TB,
,,,,,,,,,,,3B,Cheslor Cuthbert (6695048),Cheslor Cuthbert,6695048,2400,KC@NYY 07:05PM ET,KC,
,,,,,,,,,,,SS,Brad Miller (6695146),Brad Miller,6695146,2400,TB@Sea 10:10PM ET,TB,
,,,,,,,,,,,C,Kevin Plawecki (6694884),Kevin Plawecki,6694884,2400,NYM@LAD 10:10PM ET,NYM,
,,,,,,,,,,,OF,Ichiro Suzuki (6695220),Ichiro Suzuki,6695220,2300,Mil@Mia 07:10PM ET,Mia,
,,,,,,,,,,,2B,Omar Infante (6694969),Omar Infante,6694969,2300,KC@NYY 07:05PM ET,KC,
,,,,,,,,,,,C,Chris Gimenez (6694845),Chris Gimenez,6694845,2300,Cle@Hou 08:10PM ET,Cle,
,,,,,,,,,,,OF,Seth Smith (6695301),Seth Smith,6695301,2300,TB@Sea 10:10PM ET,Sea,
,,,,,,,,,,,C,Kurt Suzuki (6694835),Kurt Suzuki,6694835,2300,Bal@Min 08:10PM ET,Min,
,,,,,,,,,,,OF,Drew Stubbs (6695325),Drew Stubbs,6695325,2300,CWS@Tex 08:05PM ET,Tex,
,,,,,,,,,,,C,Hank Conger (6694850),Hank Conger,6694850,2300,TB@Sea 10:10PM ET,TB,
,,,,,,,,,,,1B/3B,Chris Johnson (6694943),Chris Johnson,6694943,2300,Mil@Mia 07:10PM ET,Mia,
,,,,,,,,,,,OF,Collin Cowgill (6695291),Collin Cowgill,6695291,2300,Cle@Hou 08:10PM ET,Cle,
,,,,,,,,,,,2B/3B,Christian Colon (6695010),Christian Colon,6695010,2300,KC@NYY 07:05PM ET,KC,
,,,,,,,,,,,2B,Jose Pirela (6694976),Jose Pirela,6694976,2300,SD@ChC 08:05PM ET,SD,
,,,,,,,,,,,SS,Alexi Amarista (6695131),Alexi Amarista,6695131,2300,SD@ChC 08:05PM ET,SD,
,,,,,,,,,,,2B,Ryan Goins (6695005),Ryan Goins,6695005,2300,Tor@SF 10:15PM ET,Tor,
,,,,,,,,,,,1B/OF,Darin Ruf (6694952),Darin Ruf,6694952,2300,Phi@Atl 07:10PM ET,Phi,
,,,,,,,,,,,C,Ramon Cabrera (6694833),Ramon Cabrera,6694833,2300,Pit@Cin 07:10PM ET,Cin,
,,,,,,,,,,,2B/3B,Hernan Perez (6695015),Hernan Perez,6695015,2300,Mil@Mia 07:10PM ET,Mil,
,,,,,,,,,,,C,Rene Rivera (6694879),Rene Rivera,6694879,2200,NYM@LAD 10:10PM ET,NYM,
,,,,,,,,,,,C,A.J. Ellis (6694880),A.J. Ellis,6694880,2200,NYM@LAD 10:10PM ET,LAD,
,,,,,,,,,,,1B,Adam Lind (6694923),Adam Lind,6694923,2200,TB@Sea 10:10PM ET,Sea,
,,,,,,,,,,,1B,Logan Morrison (6694926),Logan Morrison,6694926,2200,TB@Sea 10:10PM ET,TB,
,,,,,,,,,,,2B/SS,Emmanuel Burriss (6695029),Emmanuel Burriss,6695029,2200,Phi@Atl 07:10PM ET,Phi,
,,,,,,,,,,,C,Steve Clevenger (6694851),Steve Clevenger,6694851,2200,TB@Sea 10:10PM ET,Sea,
,,,,,,,,,,,C,Carlos Perez (6694862),Carlos Perez,6694862,2200,StL@LAA 10:05PM ET,LAA,
,,,,,,,,,,,2B,Ryan Brett (6694992),Ryan Brett,6694992,2200,TB@Sea 10:10PM ET,TB,
,,,,,,,,,,,2B,Hanser Alberto (6694998),Hanser Alberto,6694998,2200,CWS@Tex 08:05PM ET,Tex,
,,,,,,,,,,,C,Austin Hedges (6694826),Austin Hedges,6694826,2200,SD@ChC 08:05PM ET,SD,
,,,,,,,,,,,C,Pedro Severino (6694844),Pedro Severino,6694844,2200,Det@Was 07:05PM ET,Was,
,,,,,,,,,,,OF,David Lough (6695214),David Lough,6695214,2100,Phi@Atl 07:10PM ET,Phi,
,,,,,,,,,,,2B/SS,Ehire Adrianza (6695042),Ehire Adrianza,6695042,2100,Tor@SF 10:15PM ET,SF,
,,,,,,,,,,,C,Mike Zunino (6694853),Mike Zunino,6694853,2100,TB@Sea 10:10PM ET,Sea,
,,,,,,,,,,,2B/SS,Yadiel Rivera (6695031),Yadiel Rivera,6695031,2100,Mil@Mia 07:10PM ET,Mil,
,,,,,,,,,,,OF,Kyle Waldrop (6695258),Kyle Waldrop,6695258,2100,Pit@Cin 07:10PM ET,Cin,
,,,,,,,,,,,2B/SS,Rafael Furcal (6695030),Rafael Furcal,6695030,2000,Mil@Mia 07:10PM ET,Mia,
,,,,,,,,,,,2B,Marco Scutaro (6695004),Marco Scutaro,6695004,2000,Tor@SF 10:15PM ET,SF,
,,,,,,,,,,,1B,Jeff Baker (6694902),Jeff Baker,6694902,2000,Mil@Mia 07:10PM ET,Mia,
,,,,,,,,,,,C,Gerald Laird (6694872),Gerald Laird,6694872,2000,Ari@Col 08:40PM ET,Ari,
,,,,,,,,,,,C,Brayan Pena (6694857),Brayan Pena,6694857,2000,StL@LAA 10:05PM ET,StL,
,,,,,,,,,,,1B/OF,Corey Hart (6694953),Corey Hart,6694953,2000,Pit@Cin 07:10PM ET,Pit,
,,,,,,,,,,,OF,Nate McLouth (6695273),Nate McLouth,6695273,2000,Det@Was 07:05PM ET,Was,
,,,,,,,,,,,C,Jeff Mathis (6694816),Jeff Mathis,6694816,2000,Mil@Mia 07:10PM ET,Mia,
,,,,,,,,,,,3B,Don Kelly (6695053),Don Kelly,6695053,2000,Mil@Mia 07:10PM ET,Mia,
,,,,,,,,,,,1B/C,Erik Kratz (6694891),Erik Kratz,6694891,2000,Cle@Hou 08:10PM ET,Hou,
,,,,,,,,,,,2B/3B,Maicer Izturis (6695022),Maicer Izturis,6695022,2000,Tor@SF 10:15PM ET,Tor,
,,,,,,,,,,,SS,Paul Janish (6695136),Paul Janish,6695136,2000,Bal@Min 08:10PM ET,Bal,
,,,,,,,,,,,3B/OF,Matt Tuiasosopo (6695102),Matt Tuiasosopo,6695102,2000,Phi@Atl 07:10PM ET,Atl,
,,,,,,,,,,,3B,Reid Brignac (6695049),Reid Brignac,6695049,2000,Phi@Atl 07:10PM ET,Atl,
,,,,,,,,,,,3B,Adam Rosales (6695056),Adam Rosales,6695056,2000,SD@ChC 08:05PM ET,SD,
,,,,,,,,,,,C,Drew Butera (6694809),Drew Butera,6694809,2000,KC@NYY 07:05PM ET,KC,
,,,,,,,,,,,2B/SS,Justin Sellers (6695032),Justin Sellers,6695032,2000,SD@ChC 08:05PM ET,SD,
,,,,,,,,,,,OF,Shane Robinson (6695310),Shane Robinson,6695310,2000,StL@LAA 10:05PM ET,LAA,
,,,,,,,,,,,OF/SS,Kristopher Negron (6695186),Kristopher Negron,6695186,2000,SD@ChC 08:05PM ET,ChC,
,,,,,,,,,,,OF,Alex Presley (6695223),Alex Presley,6695223,2000,Mil@Mia 07:10PM ET,Mil,
,,,,,,,,,,,C,John Hester (6694860),John Hester,6694860,2000,StL@LAA 10:05PM ET,LAA,
,,,,,,,,,,,OF,Gorkys Hernandez (6695360),Gorkys Hernandez,6695360,2000,Tor@SF 10:15PM ET,SF,
,,,,,,,,,,,2B/3B,Elian Herrera (6695021),Elian Herrera,6695021,2000,NYM@LAD 10:10PM ET,LAD,
,,,,,,,,,,,3B,Josh Vitters (6695057),Josh Vitters,6695057,2000,SD@ChC 08:05PM ET,ChC,
,,,,,,,,,,,C,Juan Centeno (6694837),Juan Centeno,6694837,2000,Bal@Min 08:10PM ET,Min,
,,,,,,,,,,,OF,Darin Mastroianni (6695265),Darin Mastroianni,6695265,2000,Bal@Min 08:10PM ET,Min,
,,,,,,,,,,,2B/SS,Charlie Culberson (6695041),Charlie Culberson,6695041,2000,NYM@LAD 10:10PM ET,LAD,
,,,,,,,,,,,C,Jesus Sucre (6694852),Jesus Sucre,6694852,2000,TB@Sea 10:10PM ET,Sea,
,,,,,,,,,,,2B,Jemile Weeks (6694975),Jemile Weeks,6694975,2000,SD@ChC 08:05PM ET,SD,
,,,,,,,,,,,3B/SS,Chase d'Arnaud (6695113),Chase d'Arnaud,6695113,2000,Phi@Atl 07:10PM ET,Atl,
,,,,,,,,,,,1B,Josh Satin (6694906),Josh Satin,6694906,2000,SD@ChC 08:05PM ET,SD,
,,,,,,,,,,,C,Tim Federowicz (6694823),Tim Federowicz,6694823,2000,SD@ChC 08:05PM ET,ChC,
,,,,,,,,,,,SS,Andy Burns (6695161),Andy Burns,6695161,2000,Tor@SF 10:15PM ET,Tor,
,,,,,,,,,,,OF,Cesar Puello (6695205),Cesar Puello,6695205,2000,KC@NYY 07:05PM ET,NYY,
,,,,,,,,,,,1B/OF,Donald Lutz (6694954),Donald Lutz,6694954,2000,Pit@Cin 07:10PM ET,Cin,
,,,,,,,,,,,1B/C,Tommy Joseph (6694890),Tommy Joseph,6694890,2000,Phi@Atl 07:10PM ET,Phi,
,,,,,,,,,,,OF,Darrell Ceciliani (6695362),Darrell Ceciliani,6695362,2000,Tor@SF 10:15PM ET,Tor,
,,,,,,,,,,,C,Hector Sanchez (6694868),Hector Sanchez,6694868,2000,CWS@Tex 08:05PM ET,CWS,
,,,,,,,,,,,C,Luke Maile (6694854),Luke Maile,6694854,2000,TB@Sea 10:10PM ET,TB,
,,,,,,,,,,,2B/SS,Wilfredo Tovar (6695034),Wilfredo Tovar,6695034,2000,Bal@Min 08:10PM ET,Min,
,,,,,,,,,,,2B/3B,Christian Villanueva (6695016),Christian Villanueva,6695016,2000,SD@ChC 08:05PM ET,ChC,
,,,,,,,,,,,C,Bryan Holaday (6694869),Bryan Holaday,6694869,2000,CWS@Tex 08:05PM ET,Tex,
,,,,,,,,,,,3B,Colin Walsh (6695055),Colin Walsh,6695055,2000,Mil@Mia 07:10PM ET,Mil,
,,,,,,,,,,,C,Cody Stanley (6694863),Cody Stanley,6694863,2000,StL@LAA 10:05PM ET,StL,
,,,,,,,,,,,2B,Taylor Lindsey (6694977),Taylor Lindsey,6694977,2000,SD@ChC 08:05PM ET,SD,
,,,,,,,,,,,OF,Ben Gamel (6695208),Ben Gamel,6695208,2000,KC@NYY 07:05PM ET,NYY,
,,,,,,,,,,,OF,Aaron Judge (6695209),Aaron Judge,6695209,2000,KC@NYY 07:05PM ET,NYY,
,,,,,,,,,,,OF,Hunter Renfroe (6695243),Hunter Renfroe,6695243,2000,SD@ChC 08:05PM ET,SD,
,,,,,,,,,,,2B/SS,Luis Sardinas (6695036),Luis Sardinas,6695036,2000,TB@Sea 10:10PM ET,Sea,
,,,,,,,,,,,C,Kevan Smith (6694871),Kevan Smith,6694871,2000,CWS@Tex 08:05PM ET,CWS,
,,,,,,,,,,,OF,Albert Almora (6695246),Albert Almora,6695246,2000,SD@ChC 08:05PM ET,ChC,
,,,,,,,,,,,OF,Jesse Winker (6695261),Jesse Winker,6695261,2000,Pit@Cin 07:10PM ET,Cin,
,,,,,,,,,,,SS,Tim Anderson (6695153),Tim Anderson,6695153,2000,CWS@Tex 08:05PM ET,CWS,
